host_ID,host_species,village,grid,season,mass,mass_z,size_z,sex,BCI,dist_village,shannon_scaled,pd_scaled,uniqueness_scaled,FB_z
2006,Microgale brevicaudata,Mandena,brushy_regrowth,1,12.1,1.03943909166112,1.3053252401593143,1,0.7824359891258587,2.38,0.26384934062581006,-0.05185888388255235,-0.7168989302349448,0.03379949046341592
2007,Microgale brevicaudata,Mandena,brushy_regrowth,1,10.8,0.41263601481261314,1.3053252401593143,1,0.2668295608785038,2.38,-0.41126871330462933,-0.6844993074985176,0.23338912876911228,-0.1338063533265726
2010,Rattus rattus,Mandena,brushy_regrowth,1,80,-0.11304252022767597,0.9925456411273541,0,-1.1459660026218652,2.21,0.6973018707152706,0.9428241084491136,-0.8931242801364423,-0.25455949817783535
2011,Rattus rattus,Mandena,brushy_regrowth,1,51,-0.920178651716524,-0.5564486945961132,1,-0.5399501422128659,2.21,-0.317413222676331,0.02500777814064034,0.8661396861182274,-0.12315000433114112
2013,Rattus rattus,Mandena,brushy_regrowth,1,88,0.10961572294166141,0.6236540209187589,0,-0.32448115711237435,2.21,0.1585822230152538,-0.03573837372388715,-0.9595603320082473,-0.3647475820955499
2014,Rattus rattus,Mandena,brushy_regrowth,1,77,-0.19653936141617748,1.3504239103352331,1,-1.7615568881034074,2.21,0.37550038568074484,0.4919222487363075,-0.9168286811868411,-0.07109880033658095
2015,Rattus rattus,Mandena,brushy_regrowth,1,65,-0.5305267261701836,0.24304961841922415,0,-0.8186520594947545,2.21,-1.1869450055137243,-1.323015972895884,0.7651209649446624,-0.9875701877766563
2016,Rattus rattus,Mandena,brushy_regrowth,1,81,-0.08521023983150879,0.24304961841922415,0,-0.08285354709752675,2.21,-1.782929773233842,-2.987474833191585,1.2993231794201263,2.9835434909094576
2017,Rattus rattus,Mandena,brushy_regrowth,1,95,0.3044416857148316,0.6236540209187589,1,-0.06856189629852215,2.21,1.0273421534177318,0.4978867653613818,-0.6512527404119447,-0.6446689917247324
2018,Rattus rattus,Mandena,brushy_regrowth,1,90,0.16528028373399575,1.6979274218889837,1,-1.7135948981021563,2.21,0.21108198265331082,0.5148723313228611,-0.7292543301102904,0.09868799231656428
2019,Rattus rattus,Mandena,brushy_regrowth,1,66,-0.5026944457740163,0.9925456411273541,0,-1.7891803083624438,2.21,-0.6292298891187341,-0.6373041018855913,-0.28841581945191425,0.04879165503696403
2020,Rattus rattus,Mandena,brushy_regrowth,1,79,-0.14087480062384314,0.6236540209187589,1,-0.6852184916690921,2.21,0.3559885970908796,-0.08995751898828469,-0.5931078237574128,-0.48650624604356923
2021,Microgale brevicaudata,Mandena,brushy_regrowth,1,7.9,-0.985617002772519,1.3053252401593143,1,-1.1516336161497307,2.28,-0.12405994786074115,-0.6806991714873393,-0.8723759179759847,-0.07582922567922518
2023,Rattus rattus,Mandena,brushy_regrowth,1,91,0.19311256413016292,0.6236540209187589,0,-0.212394745789481,2.21,1.1107158604866525,0.5047003678352953,-0.011455407390265581,0.21637046355474263
2024,Rattus rattus,Mandena,brushy_regrowth,1,125,1.139410097599847,0.6236540209187589,1,0.849044635242143,2.21,1.2843985352064673,1.6194656231082107,-0.20955054516071442,-0.8382945174048982
2025,Rattus rattus,Mandena,brushy_regrowth,1,120,1.0002486956190109,1.3504239103352331,1,-0.2780481230975855,2.21,0.46490678752705594,-0.23770357990357627,0.6671427040901081,-1.158944239609902
2026,Microgale brevicaudata,Mandena,brushy_regrowth,1,11.5,0.7501453638848861,1.3053252401593143,1,0.5517208378432993,2.28,0.4519629674887022,-0.8901197775776715,-0.8845851085515851,0.6095136100367461
2027,Microgale brevicaudata,Mandena,brushy_regrowth,1,10.5,0.2679891509244957,1.3053252401593143,1,0.13903462555243956,2.38,0.28902192055894727,-0.4830145529873603,-0.19921305444567558,-0.04417023941482699
2028,Microgale brevicaudata,Mandena,brushy_regrowth,1,6,-1.9017138073972608,1.3053252401593143,1,-2.399617739128902,2.38,1.7148269591288077,2.074393693872715,0.5594161981569039,-0.18475077224291014
2029,Rattus rattus,Mandena,brushy_regrowth,1,66.5,-0.48877830557593277,0.6236540209187589,0,-1.261139581551307,2.21,-0.394010691979969,0.3896582799193931,-0.6731906168051991,0.1932958105624139
2030,Rattus rattus,Mandena,brushy_regrowth,1,150,1.8352171075040262,1.6979274218889837,1,-0.00559928385654334,2.21,1.3849431661276739,0.8811781032556265,-0.3450046280619711,0.39665254715389375
2031,Rattus rattus,Mandena,brushy_regrowth,1,130,1.2785714995806827,2.0356407885775774,1,-0.9443803853600776,2.21,-0.032443189689862366,0.211219147375935,-0.892372618059005,-0.2873787088280823
2032,Rattus rattus,Mandena,brushy_regrowth,1,75,-0.25220392220851184,0.6236540209187589,1,-0.8589509790034727,2.21,0.5291764992230227,0.1840376400753891,0.030614902286002218,-1.0607674802045326
2033,Microgale brevicaudata,Mandena,brushy_regrowth,1,13.5,1.7144577898056668,1.3053252401593143,0,1.279102474580824,2.28,-0.27586539385031694,0.7808517649750838,-0.3657270396300717,-1.7459439200495135
2034,Microgale brevicaudata,Mandena,brushy_regrowth,1,11.5,0.7501453638848861,-0.2447183874705896,1,0.806607924197797,2.28,-0.8708157932958003,-0.42528351796651753,0.02241333862942465,-0.30376643645357326
2035,Microgale brevicaudata,Mandena,brushy_regrowth,1,12.5,1.2323015768452763,-0.2447183874705896,1,1.184861939305184,2.28,0.15454126810039448,0.8027580064450299,-0.6309893441482796,0.30407876095576103
2036,Microgale brevicaudata,Mandena,brushy_regrowth,1,10,0.02691104444430056,-0.2447183874705896,1,0.17258902560286235,2.28,-0.2954678959433835,-0.1598164081738498,-0.7229736664110901,0.6395305168368794
2037,Rattus rattus,Mandena,brushy_regrowth,1,85,0.0261188817531599,0.6236540209187589,0,-0.4404557248801758,2.21,-0.16560435391516304,-0.028415692119582385,-0.5494439491289211,-0.5035948706910344
2038,Rattus rattus,Mandena,brushy_regrowth,1,110,0.7219258916573392,0.6236540209187589,0,0.4216212098402593,2.21,1.29854700749081,1.8189463063159974,-0.6494274590748538,-0.27395415727446054
2039,Rattus rattus,Mandena,brushy_regrowth,1,37,-1.3098305772628644,-0.9771245496296741,0,-1.0395478575726163,2.21,0.3946655825590031,0.3874345317877196,-0.1457319801686559,-0.8047720832353055
2040,Rattus rattus,Mandena,brushy_regrowth,1,19,-1.8108116243938734,-2.825087789231432,1,-0.7491785047274814,2.21,0.7645766436039303,0.613294610634613,-1.1001709911717534,-0.45921873636894384
2043,Microgale brevicaudata,Mandena,agriculture,1,10.8,0.41263601481261314,1.3053252401593143,0,0.2668295608785023,1.64,0.29048382212523693,-0.8940695007120728,-0.8954990238114331,0.5407582373829071
2045,Microgale brevicaudata,Mandena,agriculture,1,12.1,1.03943909166112,1.3053252401593143,1,0.7824359891260781,1.64,0.15266737439941974,-0.408458131546566,2.645657345124101,0.4501419639522477
2046,Microgale brevicaudata,Mandena,agriculture,1,9.5,-0.2141670620358946,1.3053252401593143,0,-0.3149859975406488,1.64,-1.2378431751025163,-1.4865596820574278,0.12912182889262336,1.0363019206077566
2047,Microgale brevicaudata,Mandena,agriculture,1,12.8,1.3769484407333938,1.3053252401593143,1,1.0375629833735263,1.64,-0.15680705484654614,-0.2866515981349647,-0.520536059784826,0.8381790199271233
2053,Rattus rattus,Mandena,agriculture,1,24,-1.6716502224130376,-2.825087789231432,0,0.03193568116433882,1.61,-0.6249351225786424,-0.8092469880735509,0.2222163845761741,-1.0436890843332576
2054,Rattus rattus,Mandena,agriculture,1,55,-0.8088495301318552,-0.9771245496296741,0,0.2859055173169592,1.61,0.8859060120476133,0.7562393868058656,-1.2574742973356803,-0.23412707837072563
2055,Rattus rattus,Mandena,agriculture,1,33,-1.421159698847533,-1.8655332705965477,0,-0.211173053661267,1.61,0.2286330226306955,-0.3255468532310463,0.5285723680154384,-1.349070437328908
2057,Microgale brevicaudata,Mandena,agriculture,1,5.4,-2.191007535173495,1.3053252401593143,0,-2.877577310651304,1.53,-0.13178075303735992,-0.8629152158979326,-0.584075079993177,0.9490058648001266
2058,Microgale brevicaudata,Mandena,agriculture,1,10.2,0.12334228703637828,1.3053252401593143,1,0.007534977729669978,1.53,-0.9867556086037234,-0.8741753577239693,-0.006612437098137,1.0327104065568413
2059,Rattus rattus,Mandena,agriculture,1,17,-1.8664761851862077,-2.825087789231432,1,-1.121072333309135,1.53,-0.8772251028608979,-0.807186851420196,-0.14262428474610675,-0.5622830238149468
2062,Rattus rattus,Mandena,agriculture,1,48,-1.0036754929050256,-0.9771245496296741,0,-0.16926576988263575,1.61,0.6390698797909312,0.9033791459725781,0.8741572433613717,-1.3889073409177795
2063,Rattus rattus,Mandena,agriculture,1,35,-1.3654951380551987,-1.4131010215726132,0,-0.6311073477135805,1.61,-1.3822365722682255,-0.7852934191692055,-0.08346135239319151,0.24241785494087695
2064,Rattus rattus,Mandena,agriculture,1,100,0.4436030876956675,0.6236540209187589,1,0.10294226828950932,1.61,0.48446133290107907,-0.42814329208098667,0.8838785135413092,-1.3577277003318873
2065,Rattus rattus,Mandena,agriculture,1,90,0.16528028373399575,0.6236540209187589,0,-0.2493409576996826,1.61,-0.6363034509892679,-0.05779010220981172,-0.15355971002249214,0.1228920914212145
2066,Rattus rattus,Mandena,agriculture,1,88,0.10961572294166141,-0.15003581771277408,0,0.7300719890815294,1.61,0.661683906587454,1.2558954759574765,-0.7063614838205614,-0.19678288420075285
2067,Rattus rattus,Mandena,agriculture,1,88,0.10961572294166141,0.24304961841922415,1,0.19428947947897046,1.61,0.8156598724149622,0.36731886087795806,-0.21944472095078651,0.4973104240569574
2069,Microgale brevicaudata,Mandena,agriculture,1,9.8,-0.06952019814777716,1.3053252401593143,0,-0.17394603032340228,1.53,0.4742735427654424,0.411666778121947,0.36423112120423556,0.9105509200568616
2077,Rattus rattus,Mandena,agriculture,1,36,-1.3376628576590315,-1.4131010215726132,1,-0.5369152554026199,1.61,-0.6438444884035326,-0.6937373427462132,-0.42191584890141143,-0.22631079243177973
2081,Microgale brevicaudata,Mandena,agriculture,1,6.7,-1.5642044583249874,1.3053252401593143,0,-1.8990325835470176,1.53,-0.5808705448743209,-0.9706958936870673,-0.6780864582371212,-1.776752995017477
2082,Microgale brevicaudata,Mandena,agriculture,1,12,0.9912234703650812,1.3053252401593143,1,0.7447891324009048,1.64,-0.17349034823657647,-0.8175678801148499,-0.5911786550524267,0.8634474129031586
2083,Microgale brevicaudata,Mandena,agriculture,1,10.5,0.2679891509244957,-0.2447183874705896,1,0.3939217119069375,1.64,-0.9691776050239016,-1.1193232366464712,0.7784834113248204,-0.07244105537669308
2087,Rattus rattus,Mandena,agriculture,1,115,0.861087293638175,-0.15003581771277408,0,1.62480318744778,1.61,0.87052077013969,0.9078245295046482,-0.23816123424160845,-0.801938976575873
2091,Rattus rattus,Mandena,agriculture,1,21,-1.7551470636015392,-2.335712424003131,0,-1.0815670495470966,1.61,-2.213215684312174,-2.8338461451511283,1.1586545134413533,2.9816127531509222
2092,Rattus rattus,Mandena,agriculture,1,50,-0.9480109321126912,-0.5564486945961132,0,-0.6061621703469839,1.61,-0.04277793311338369,-0.07029929494359609,-0.34644576700728436,-0.6523354258834426
2093,Rattus rattus,Mandena,agriculture,1,130,1.2785714995806827,0.6236540209187589,0,0.9801829394633037,1.61,-0.13922696827337105,0.7773372166750335,-0.8636322310999942,-0.2948765988190676
2095,Rattus rattus,Mandena,agriculture,1,70,-0.39136532418934766,-0.5564486945961132,1,0.5188657799496358,1.61,0.6411811670434104,0.5673171538921681,0.762943487181485,-1.1897466335632791
2096,Rattus rattus,Mandena,agriculture,1,125,1.139410097599847,0.6236540209187589,0,0.849044635242143,1.61,1.157285114772018,0.8760302285545617,-0.7716843993951056,-0.10461349771501943
2100,Rattus rattus,Mandena,agriculture,1,21,-1.7551470636015392,-1.4131010215726132,0,-2.339102961959193,1.61,1.18052654505555,1.133149994221649,-0.5118063951193157,0.07784938050119378
2101,Rattus rattus,Mandena,agriculture,1,23,-1.6994825028092049,-2.825087789231432,0,-0.110366567175083,1.61,-0.6964719286602898,-1.9617058995129242,2.648565747962611,2.3423688289382736
2102,Rattus rattus,Mandena,agriculture,1,86,0.053951162149327075,-0.15003581771277408,0,0.6532042783118086,1.61,0.10091380519992066,0.225013496456295,-1.1225165062885656,-0.21473396213409446
2103,Rattus rattus,Mandena,village,1,54,-0.8366818105280225,-0.15003581771277408,0,-0.9027834257513915,0,-0.0017549611926829518,-0.5826600147193687,-0.6732868845347896,0.20633702043005187
2104,Rattus rattus,Mandena,village,1,100,0.4436030876956675,0.9925456411273541,0,-0.39986363566757804,0,1.0080260427428884,0.2638025231474808,-0.49411770697796475,-0.3235175148625276
2105,Rattus rattus,Mandena,village,1,115,0.861087293638175,0.6236540209187589,1,0.5702500412538761,0,1.1225455287221984,0.14767487317986674,-0.5588553495098252,-0.5702668448759122
2108,Microgale brevicaudata,Mandena,secondary_forest,1,12,0.9912234703650812,1.3053252401593143,0,0.7447891324009048,2.78,0.4656716333563213,-0.9605126828210971,-0.9691130570360593,0.5434060174439732
2109,Microgale brevicaudata,Mandena,secondary_forest,1,7.5,-1.1784794879566753,1.3053252401593143,0,-1.3873448254265806,2.78,-0.255965259149069,-0.800980563683949,-0.6159119038118573,-0.17438413526021074
2110,Microgale brevicaudata,Mandena,secondary_forest,1,10,0.02691104444430056,-0.2447183874705896,1,0.17258902560286235,2.78,0.8191076944294832,-1.0108223702602122,-0.5619277738462414,0.9302719115898404
2111,Microgale brevicaudata,Mandena,secondary_forest,1,13,1.4733796833254715,1.3053252401593143,0,1.1078964883612927,2.78,-0.7741287550666365,-0.4865209135321575,0.5691663194227784,-0.2321029554499014
2112,Rattus rattus,Mandena,secondary_forest,1,105,0.5827644896765034,0.6236540209187589,1,0.2660769712931455,2.78,-0.8911513978421828,-0.37624295137086444,-0.005254715552068488,0.40537152250218533
2114,Microgale brevicaudata,Mandena,secondary_forest,1,11.8,0.8947922277730035,1.3053252401593143,1,0.6685449813651164,2.78,-0.07526918371550466,-0.8157070070895512,-0.8151490073955184,0.6459654391996469
2115,Microgale brevicaudata,Mandena,secondary_forest,1,10.4,0.21977352962845687,1.3053252401593143,1,0.09562357465897132,2.78,-0.45698640878893343,0.21215743071725343,-0.6668515642974481,-1.6900242799693461
2116,Microgale brevicaudata,Mandena,secondary_forest,1,13,1.4733796833254715,1.3053252401593143,1,1.1078964883612927,2.74,-0.5638943121075777,-0.9447375371101033,-0.32777336253082134,-2.2438691090235796
2117,Microgale brevicaudata,Mandena,secondary_forest,1,5,-2.383870020357651,-0.2447183874705896,1,-2.971817845926946,2.74,-1.7617678307107916,-0.8532034688979697,-0.3600644648812364,-2.9221536549968388
2120,Microgale brevicaudata,Mandena,secondary_forest,1,10.2,0.12334228703637828,-0.2447183874705896,1,0.26242206408416785,2.78,-0.037122335805177833,-0.3612259846297252,-0.49876384504871757,-1.2455541630337954
2122,Rattus rattus,Mandena,secondary_forest,1,120,1.0002486956190109,2.6838003522385887,1,-2.095464162006784,2.74,-2.454498333052534,-1.6722799673837894,0.6966820537015852,0.7197885851557145
2123,Rattus rattus,Mandena,secondary_forest,1,60,-0.6696881281510194,0.24304961841922415,1,-1.0862827093647616,2.74,0.3626583089674929,-0.2030864797246068,0.48007636325737396,-0.8758274161338034
2124,Microgale brevicaudata,Mandena,secondary_forest,1,12,0.9912234703650812,1.3053252401593143,1,0.7447891324009048,2.74,-0.7538067500672652,0.5071705622815954,-0.6503267352767171,-0.640525921267391
2125,Microgale brevicaudata,Mandena,secondary_forest,1,8.4,-0.7445388962923237,1.3053252401593143,0,-0.8732382881498821,2.78,2.415287144440838,2.9340600514429354,0.6322049571396549,0.12830685741403564
2126,Microgale brevicaudata,Mandena,secondary_forest,1,12.2,1.087654712957159,-0.2447183874705896,1,1.0746600780203146,2.78,-0.3031866537972607,-0.6238238829927958,-0.4057742485917627,0.8988813723438015
2127,Rattus rattus,Mandena,secondary_forest,1,145,1.6960557055231902,0.9925456411273541,1,0.8424955868817318,2.78,-2.5368381222840393,-1.3638401955858253,0.8314308270664488,0.3538835064092461
2128,Rattus rattus,Mandena,secondary_forest,1,115,0.861087293638175,0.9925456411273541,0,0.06744413729678883,2.78,-2.1106316470497584,-2.2621164401510025,2.032420237048624,2.147810096466657
2129,Rattus rattus,Mandena,secondary_forest,1,60,-0.6696881281510194,0.24304961841922415,0,-1.0862827093647616,2.78,0.8405869766765784,0.7268972580198575,-0.842845705032719,0.25565316259059595
2130,Rattus rattus,Mandena,secondary_forest,1,110,0.7219258916573392,0.24304961841922415,0,0.940391846431604,2.78,-1.6054562554259577,-0.9522711680998817,-0.36350963039600337,0.24963979349884205
2131,Microgale brevicaudata,Mandena,secondary_forest,1,7.4,-1.226695109252714,-0.2447183874705896,1,-1.1933501996530669,2.78,1.4255905128018787,0.7716670989685471,1.6744055306828973,-3.134074334581188
2132,Microgale brevicaudata,Mandena,semi-intact_forest,1,12,0.9912234703650812,-0.2447183874705896,1,0.9996762187554028,3.34,-0.6817176387457419,-0.4933035096915419,-0.5651833351930373,-1.0529259350226798
2133,Microgale brevicaudata,Mandena,semi-intact_forest,1,11.4,0.7019297425888472,-0.2447183874705896,1,0.7669882819663895,3.49,-0.6199966899222664,-0.4486206711813944,1.324267780004432,0.9626264120042742
2137,Microgale brevicaudata,Mandena,semi-intact_forest,1,6.4,-1.7088513222131043,-0.2447183874705896,0,-1.851956801801782,3.49,2.027619726606049,1.8454179691399026,0.7148208951957354,-1.4695451983566825
2138,Rattus rattus,Mandena,semi-intact_forest,1,90,0.16528028373399575,0.9925456411273541,1,-0.75214686165677,3.44,-0.11487793539122748,0.0943910993670224,-0.5662761380000239,0.08820802607977202
2140,Rattus rattus,Mandena,semi-intact_forest,1,86,0.053951162149327075,1.3504239103352331,1,-1.3919492805729772,3.44,-1.5866554454310386,-1.2939248675056851,0.19868920075627192,1.5395027367567018
2142,Microgale brevicaudata,Mandena,semi-intact_forest,1,7.8,-1.0338326240685582,-0.2447183874705896,0,-0.9545361036614739,3.49,-0.8998061844909496,-1.1522942396873759,0.05016682259624123,1.0330552102627408
2143,Microgale brevicaudata,Mandena,semi-intact_forest,1,13.4,1.6662421685096278,1.3053252401593143,1,1.2453742879827885,3.49,0.23738362689880718,-0.5262363344194696,-0.14897507739467267,0.9835936146514666
2144,Microgale brevicaudata,Mandena,semi-intact_forest,1,12.5,1.2323015768452763,-0.2447183874705896,1,1.184861939305184,3.34,-0.5063767563934345,-0.5645879208737381,-0.483991969878819,-1.5556947313818845
2145,Microgale brevicaudata,Mandena,flooded_rice,1,10.8,0.41263601481261314,-0.2447183874705896,1,0.5217166472330002,1.15,-0.8756614409725529,-0.5434721567892199,-0.390793884691364,0.9428340726996138
2147,Microgale brevicaudata,Mandena,flooded_rice,1,11.3,0.6537141212928084,-0.2447183874705896,1,0.7270195635007212,1.15,-0.908218626303769,-0.5156546744565774,0.27059342546003323,-0.4161801592124395
2148,Microgale brevicaudata,Mandena,flooded_rice,1,12.4,1.1840859555492376,-0.2447183874705896,1,1.1484246333670964,1.15,-1.270171665740951,-1.3257268626481933,-0.35502230744979507,0.9879027307190206
2150,Microgale brevicaudata,Mandena,flooded_rice,1,11,0.5090672574046908,1.3053252401593143,1,0.3500689641872214,1.12,-0.4304200203542879,-1.1415334549954617,-0.8684103184086422,0.30219411717502026
2152,Rattus rattus,Mandena,flooded_rice,1,115,0.861087293638175,0.6236540209187589,0,0.5702500412538761,1.19,0.6162838373403381,0.14496113846807274,-0.25708113774074504,-0.7202532635110609
2153,Rattus rattus,Mandena,flooded_rice,1,95,0.3044416857148316,1.3504239103352331,1,-1.0591623089894042,1.19,-1.5592177161876892,-1.062548886594947,2.3092069199830356,-1.9798316970838303
2154,Rattus rattus,Mandena,flooded_rice,1,95,0.3044416857148316,0.6236540209187589,0,-0.06856189629852215,1.19,-3.161201631727233,-2.1606201127733886,7.963995384364825,0.7081648024971909
2157,Microgale brevicaudata,Mandena,flooded_rice,1,9.5,-0.2141670620358946,1.3053252401593143,1,-0.3149859975406488,1.15,0.20409316582753378,-0.44857294593131647,-0.828665895649745,0.056655721462602955
2160,Rattus rattus,Mandena,flooded_rice,1,80,-0.11304252022767597,0.9925456411273541,0,-1.1459660026202145,1.19,-0.39962833212970383,-0.8265829849571187,-0.48379630903443555,0.07184219761559604
2161,Microgale brevicaudata,Mandena,flooded_rice,1,5.9,-1.9499294286932995,1.3053252401593143,0,-2.475861890164691,1.15,-1.128811669403227,-0.9486188636882988,-0.736863125475224,0.7042602101966
2162,Microgale brevicaudata,Mandena,flooded_rice,1,12.2,1.087654712957159,1.3053252401593143,1,0.8197729916658165,1.15,0.34385203606635456,-1.234925910855513,-0.9387204396388902,0.6795919066091556
2163,Microgale brevicaudata,Mandena,flooded_rice,1,11.5,0.7501453638848861,-0.2447183874705896,1,0.806607924197797,1.15,-0.8991306983986671,-0.5302420967022284,-0.5096595305850262,0.895750764985436
2165,Microgale brevicaudata,Mandena,flooded_rice,1,11.8,0.8947922277730035,1.3053252401593143,1,0.6685449813651164,1.12,-1.408786354762215,-0.8654676984682147,-0.6060747334849781,-0.11279697154504371
2169,Rattus rattus,Mandena,flooded_rice,1,82,-0.057377959435341616,0.6236540209187589,0,-0.5605979247109022,1.19,0.24700052587769938,0.4824261752508069,-1.0458139611993602,-0.08068112744331314
2170,Microgale brevicaudata,Mandena,flooded_rice,1,15.4,2.6305545944304085,1.3053252401593143,1,1.8764484151662417,1.12,1.004229515993923,0.9164103756447151,0.2644744624527166,0.399606732114249
2171,Microgale brevicaudata,Mandena,flooded_rice,1,7.5,-1.1784794879566753,1.3053252401593143,0,-1.3873448254265806,1.12,-1.623252310622593,-1.0312050016277203,0.17197675414698294,1.0360492176797993
2172,Microgale brevicaudata,Mandena,flooded_rice,1,6.8,-1.5159888370289485,1.3053252401593143,0,-1.831825129125192,1.15,0.6584198019432044,-0.727615596133426,-0.8928553472775533,0.7647604003089887
2173,Microgale brevicaudata,Mandena,flooded_rice,1,5.7,-2.046360671285378,-0.2447183874705896,1,-2.377418589563417,1.19,-0.8677975365727854,-1.087976348166238,-0.7722588447154297,0.1888025669068764
2175,Rattus rattus,Mandena,flooded_rice,1,35,-1.3654951380551987,-0.5564486945961132,1,-1.7987398555997685,1.19,-1.512490031158082,-2.942970551622152,1.1565418906980554,2.9835434909094576
2176,Rattus rattus,Mandena,flooded_rice,1,100,0.4436030876956675,0.6236540209187589,0,0.10294226828950932,1.19,-1.1355685878022856,-0.673067167647014,1.0286868306341903,0.41378425315692435
2177,Rattus rattus,Mandena,flooded_rice,1,125,1.139410097599847,0.9925456411273541,0,0.3462387312850556,1.19,0.011780776783241818,-0.14241544164989844,-0.5193591766998381,-0.4979961075883124
2178,Rattus rattus,Mandena,flooded_rice,1,100,0.4436030876956675,0.6236540209187589,0,0.10294226828950932,1.19,0.08585584723804436,-0.43252199047154744,-0.3909025066495,-0.6430573719533769
2181,Rattus rattus,Mandena,flooded_rice,1,54,-0.8366818105280225,0.24304961841922415,0,-1.4385659353539506,1.19,-1.4390952051340091,-1.711020381652042,0.6985854450043055,0.8502582832539506
2182,Rattus rattus,Mandena,flooded_rice,1,110,0.7219258916573392,0.6236540209187589,0,0.4216212098402593,1.19,-0.13594513464663635,0.16997961794371758,-0.7992522335523781,-0.4840053152304213
2183,Rattus rattus,Mandena,flooded_rice,1,118,0.9445841348266766,0.9925456411273541,0,0.1535501358066669,1.19,0.9975745471927845,1.5611158810245762,-0.3698977987883335,-0.671885490284582
2186,Rattus rattus,Mandena,flooded_rice,1,19,-1.8108116243938734,-1.8655332705965477,1,-2.057068548056471,1.19,0.4045135120406814,1.6702287142548506,1.5832039651519798,-1.7235586660493232
2187,Rattus rattus,Mandena,flooded_rice,1,110,0.7219258916573392,1.3504239103352331,1,-0.5689792028506228,1.19,0.31198955187581234,-0.3011594040834879,1.887194746494514,-2.142563339785649
2188,Microgale brevicaudata,Mandena,agroforest,1,11.6,0.7983609851809249,1.3053252401593143,0,0.5909974485648396,0.4,-1.714714348671589,-1.1922879044696324,0.08089152890404588,1.0346090674571933
2195,Microgale brevicaudata,Mandena,agroforest,1,13.4,1.6662421685096278,-0.2447183874705896,1,1.500261374337286,0.49,0.4216585706667542,-0.26058222346023,-0.9921651349079814,0.6058253037493512
2196,Microgale brevicaudata,Mandena,agroforest,1,10,0.02691104444430056,-0.2447183874705896,1,0.17258902560286235,0.49,0.5708369161164674,0.06094832662714154,-0.17246070005311845,-0.034488961671569805
2197,Microgale brevicaudata,Mandena,agroforest,1,7.3,-1.2749107305487535,-0.2447183874705896,0,-1.2550711544743418,0.4,-0.773683445532207,-0.11758084035519292,0.4195519603483047,1.0041779380479088
2200,Rattus rattus,Mandena,village,1,50,-0.9480109321126912,-0.5564486945961132,1,-0.6061621703469839,0,-0.2730715461195702,-0.025636072894305563,-0.8218723218849249,-0.0963664294798814
2203,Rattus rattus,Mandena,village,1,100,0.4436030876956675,-0.15003581771277408,1,1.157495414483413,0,-0.9026888619666389,-0.4286117726428238,2.6343227564748495,-0.034671323710488915
2204,Rattus rattus,Mandena,village,1,108,0.6662613308650048,0.9925456411273541,1,-0.14253684035297978,0,-0.4269874276648319,-0.12744880695331376,0.7560541812278776,-1.3670691281595742
2205,Rattus rattus,Mandena,village,1,71,-0.3635330437931805,-0.15003581771277408,0,0.0123454486494852,0,-0.63522427817304,-0.6041641434858234,0.5159255656303714,-0.41276186289777467
2206,Rattus rattus,Mandena,village,1,50,-0.9480109321126912,-0.15003581771277408,1,-1.1601102210659913,0,-1.602878180419718,-1.8792158350204864,0.12082247333983258,2.973341005953922
2207,Rattus rattus,Mandena,agroforest,1,70,-0.39136532418934766,-0.15003581771277408,1,-0.035082270769371544,0.45,0.9429192732118922,0.12288747714046398,-0.48775351345397305,0.03311285332369577
2208,Rattus rattus,Mandena,agroforest,1,102,0.4992676484880018,0.6236540209187589,1,0.16915429642361135,0.45,-0.3409473713963304,-0.11801550101208415,-0.5910996109897576,-0.24203347573914405
2216,Rattus rattus,Mandena,agroforest,1,38,-1.2819982968666972,-1.4131010215726132,0,-0.3561361940014593,0.45,-0.9290842412776937,-1.1524181431296654,-0.5737194786823278,0.2144851371658742
2217,Rattus rattus,Mandena,agroforest,1,118,0.9445841348266766,0.6236540209187589,0,0.6563560397637542,0.45,0.7375805173111469,0.25309381987820617,-0.8865826838296151,0.3113879942977933
2218,Rattus rattus,Mandena,agroforest,1,100,0.4436030876956675,-0.15003581771277408,1,1.157495414483413,0.45,-0.3052872118051533,-0.5726040812572796,-0.970517091332593,-0.05621181327052502
2220,Rattus rattus,Mandena,village,1,41,-1.1985014556781957,0.6236540209187589,1,-2.878203560260305,0,-0.9195313368496648,-1.1849913517855608,-0.07076535500663965,-0.2919807198703126
2221,Rattus rattus,Mandena,village,1,57,-0.753184969339521,-0.15003581771277408,0,-0.7220043643502312,0,0.8534687346907479,0.86766724020841135,-0.20542063073928554,-0.6425547073362109
2222,Rattus rattus,Mandena,village,1,128,1.2229069387883482,0.6236540209187589,1,0.928343169933642,0,-0.0452033678960678,0.34947331125932946,-0.7371790522836116,-0.2719650186800623
2223,Rattus rattus,Mandena,village,1,67,-0.4748621653778492,0.6236540209187589,0,-1.2360937853619296,0,-1.6491371750486226,-2.9334619906562196,1.0896563181883998,2.9835434909094576
2227,Rattus rattus,Mandena,village,1,66,-0.5026944457740163,-0.15003581771277408,0,-0.2318212582114526,0,-1.6848833380790031,-2.8014916745769964,1.3019246541679201,2.9819242624873166
2228,Rattus rattus,Mandena,agroforest,1,97,0.360106246507166,-0.15003581771277408,0,1.0556520644694907,0.45,-0.3236889048864874,-0.10668717669825843,0.7814071337461647,-1.0290262878647947
2229,Rattus rattus,Mandena,agroforest,1,97,0.360106246507166,0.24304961841922415,0,0.5198695548669315,0.45,1.2171681300344819,0.8181917767960301,-0.2344709105136828,-0.8765092882987916
2234,Microgale brevicaudata,Mandena,agroforest,1,13.2,1.5698109259175492,1.3053252401593143,1,1.1771561573397618,0.4,0.43351931265638216,0.5978692704952003,-0.3657838000106148,0.5253483397005749
2236,Rattus rattus,Mandena,village,1,68,-0.44702988498168206,0.6236540209187589,0,-1.1865580918328096,0,-1.348332577784996,-1.4016209611508916,0.4310094629388586,0.6808379399219328
2241,Rattus rattus,Mandena,agroforest,1,63,-0.5861912869625179,0.9925456411273541,0,-1.9447245469095547,0.45,-0.8348592621936012,-0.25978064067016376,-0.3383154755189508,-0.5769302290205429
2242,Rattus rattus,Mandena,agroforest,1,175,2.5310241174082053,1.6979274218889837,1,0.5098186451362877,0.45,0.994332395214833,0.5437771055766434,-0.5282137917333746,-0.2155859736875538
2243,Rattus rattus,Mandena,agroforest,1,77,-0.19653936141617748,1.3504239103352331,1,-1.7615568881034074,0.45,-1.6669393794863905,-2.628478429804653,0.7085545778320442,2.9817950874799113
2244,Microgale brevicaudata,Mandena,agroforest,1,8,-0.9374013814764801,1.3053252401593143,1,-1.094570974453959,0.49,2.1923304088640423,2.7790154688035162,0.6575411514015389,0.2564184893021928
2245,Microgale brevicaudata,Mandena,agroforest,1,7.8,-1.0338326240685582,1.3053252401593143,1,-1.2094231900159715,0.49,0.39513453168887314,0.3666335112653903,-0.4578117765663363,0.6554485654872109
2248,Rattus rattus,Mandena,agroforest,1,105,0.5827644896765034,0.9925456411273541,1,-0.23672893266394185,0.45,-0.09527630135248395,0.07624602932345147,0.0769827377805514,-0.9315245566349788
2249,Rattus rattus,Mandena,agroforest,1,85,0.0261188817531599,0.24304961841922415,0,0.07831491171116893,0.45,-0.20001765603067748,0.4569172819261052,-0.73195484185521,0.24241919573872905
2251,Rattus rattus,Mandena,agroforest,1,94,0.27660940531866446,1.6979274218889837,1,-1.5681981579572692,0.45,-0.33082342628189504,-0.4209177243841082,-0.9963563920620291,-0.030247888935076364
2254,Microgale brevicaudata,Mandena,brushy_regrowth,2,6.9,-1.4677732157329093,-0.2447183874705896,0,-1.510711754179468,2.28,0.6209570677744142,0.35552150222009193,1.9420209858022106,-3.1781665858913626
2255,Microgale brevicaudata,Mandena,brushy_regrowth,2,8.7,-0.5998920324042072,-0.2447183874705896,1,-0.45916222975560755,2.28,0.469513924763492,-1.0823686128400938,-0.8887742323271324,0.6017346036493295
2256,Microgale brevicaudata,Mandena,brushy_regrowth,2,9.4,-0.2623826833319335,-0.2447183874705896,1,-0.10810380571279382,2.38,0.08997781750709716,0.8484366827046831,0.7361395053556121,0.7701998813340097
2257,Microgale brevicaudata,Mandena,brushy_regrowth,2,9.5,-0.2141670620358946,-0.2447183874705896,1,-0.06009891118615097,2.38,0.3779561041492109,0.4702945257220102,2.460845542416842,0.2137659900923763
2261,Rattus rattus,Mandena,brushy_regrowth,2,43,-1.1428368948858614,-0.15003581771277408,0,-1.6644013572375929,2.21,0.5011607936381917,0.36829912452761215,-0.8272621784045346,-0.5140680851850628
2262,Rattus rattus,Mandena,brushy_regrowth,2,38,-1.2819982968666972,-0.5564486945961132,1,-1.5237687018876476,2.21,-0.07425913881254757,0.0268811064886217,-0.016662164271186802,-0.7568978560120031
2263,Rattus rattus,Mandena,brushy_regrowth,2,130,1.2785714995806827,0.6236540209187589,0,0.9801829394633037,2.21,0.11426089140354348,0.07802344225560001,-0.5347886730286494,-0.5952241371115509
2264,Microgale brevicaudata,Mandena,brushy_regrowth,2,8.8,-0.5516764111081675,1.3053252401593143,0,-0.6622039495151003,2.28,-1.0757088077945627,-0.29231767528266017,2.928674398086966,0.3604830189639038
2265,Microgale brevicaudata,Mandena,brushy_regrowth,2,12,0.9912234703650812,-0.2447183874705896,0,0.9996762187554028,2.38,0.7962912136749057,0.9328344647552876,0.750323267681082,-0.2194832646496837
2266,Microgale brevicaudata,Mandena,brushy_regrowth,2,7.3,-1.2749107305487535,-0.2447183874705896,0,-1.2550711544743418,2.38,0.7581519678439709,1.465047204067064,1.3518917606514442,0.7798440347056333
2267,Microgale brevicaudata,Mandena,brushy_regrowth,2,9,-0.45524516851608976,-0.2447183874705896,0,-0.30537054591954027,2.38,-1.4065530936318562,-1.382168578666934,-0.4008411145274692,-1.7115610608429865
2269,Rattus rattus,Mandena,brushy_regrowth,2,62,-0.614023567358685,0.6236540209187589,1,-1.495417354792093,2.21,-0.4279594251719405,-0.5400151888463469,2.47890545331067,-1.9891571013900837
2270,Rattus rattus,Mandena,brushy_regrowth,2,140,1.5568943035423544,0.6236540209187589,1,1.2279702185861245,2.21,1.2805945383148833,0.8354945460571066,-0.2751356072636147,0.34391534224740644
2271,Microgale brevicaudata,Mandena,brushy_regrowth,2,11,0.5090672574046908,-0.2447183874705896,1,0.6049560505417192,2.28,2.093427011799292,2.3159328477263195,0.48772021048270947,0.17511553509239453
2272,Microgale brevicaudata,Mandena,brushy_regrowth,2,7.3,-1.2749107305487535,-0.2447183874705896,0,-1.2550711544743418,2.28,-1.1434066269216556,-0.9819486617265102,0.2189449145507627,1.0335901017061138
2273,Microgale brevicaudata,Mandena,brushy_regrowth,2,6.8,-1.5159888370289485,1.3053252401593143,0,-1.831825129125192,2.38,-0.5861124285267745,-0.36506792944905425,0.6662418581631366,0.593875777733936
2274,Microgale brevicaudata,Mandena,brushy_regrowth,2,11,0.5090672574046908,-0.2447183874705896,1,0.6049560505417192,2.38,1.2930603382655192,2.4238870730490554,1.1320051903635937,0.5651914091931373
2275,Microgale brevicaudata,Mandena,brushy_regrowth,2,8,-0.9374013814764801,-0.2447183874705896,1,-0.8396838880994613,2.38,-0.01824547945580994,0.05780420715510526,-0.1692345747679585,1.0216910202872018
2276,Microgale brevicaudata,Mandena,brushy_regrowth,2,7.3,-1.2749107305487535,1.3053252401593143,0,-1.5099582408288392,2.38,-1.9821861451221068,-1.1048994302892083,0.8121520931450436,-2.2418076630643964
2277,Rattus rattus,Mandena,brushy_regrowth,2,115,0.861087293638175,0.9925456411273541,1,0.06744413729678883,2.21,-1.2005778940812468,-1.1279357239934706,-0.08072560521602386,-0.6524954569565616
2278,Rattus rattus,Mandena,brushy_regrowth,2,100,0.4436030876956675,1.3504239103352331,1,-0.8876581444013727,2.21,-0.538827003698453,-1.0789529555739954,-0.46306113598251575,-0.32933686147547486
2279,Microgale brevicaudata,Mandena,brushy_regrowth,2,13.5,1.7144577898056668,1.3053252401593143,1,1.279102474580824,2.28,-0.2641096985348286,-0.13698986812922417,7.6897582989753746,-1.2012061612206286
2281,Microgale brevicaudata,Mandena,brushy_regrowth,2,10,0.02691104444430056,-0.2447183874705896,0,0.17258902560286235,2.21,-1.323681532136304,-0.9803592343706398,-0.03640545147234238,-2.108621018360045
2282,Microgale brevicaudata,Mandena,brushy_regrowth,2,11.5,0.7501453638848861,-0.2447183874705896,0,0.806607924197797,2.28,-1.3479466922119234,-0.8463454888194304,1.0679308564517247,1.0062897220126992
2283,Microgale brevicaudata,Mandena,brushy_regrowth,2,12,0.9912234703650812,1.3053252401593143,1,0.7447891324009048,2.38,-1.4096031666142188,-0.7114688326791482,1.8380221514448116,1.0145292770341483
2284,Microgale brevicaudata,Mandena,brushy_regrowth,2,10.5,0.2679891509244957,-0.2447183874705896,1,0.3939217119069375,2.38,0.10635070283959852,-0.6667038930832295,-0.6555823348538733,0.11822605095221266
2285,Microgale brevicaudata,Mandena,brushy_regrowth,2,7.3,-1.2749107305487535,-0.2447183874705896,1,-1.2550711544743418,2.38,-0.2675135305241248,-0.9549040060966181,-0.7160304140137154,0.09503710123459674
2286,Microgale brevicaudata,Mandena,brushy_regrowth,2,12,0.9912234703650812,-0.2447183874705896,0,0.9996762187554028,2.38,0.6052373250354172,0.12747171244324312,-0.871215431412079,0.7520550007777476
2287,Rattus rattus,Mandena,brushy_regrowth,2,27,-1.588153381224536,-2.335712424003131,1,-0.2412725902835024,2.21,0.9613889194289056,0.582606917070393,-0.519791832288503,-0.6451787450166083
2289,Microgale brevicaudata,Mandena,brushy_regrowth,2,10,0.02691104444430056,-0.2447183874705896,1,0.17258902560286235,2.38,1.3117590021390775,2.1006536568920047,0.5929383681160852,0.7504751604894506
2291,Microgale brevicaudata,Mandena,agriculture,2,11.5,0.7501453638848861,-0.2447183874705896,1,0.806607924197797,1.53,-1.8215527128745983,-1.0086535986490919,0.21253955406516287,-1.3556434004022921
2293,Microgale brevicaudata,Mandena,agriculture,2,10.5,0.2679891509244957,1.3053252401593143,1,0.13903462555243956,1.53,-1.313153320865014,-1.0204718065547091,-0.37350872615664665,0.9264550159500629
2294,Microgale brevicaudata,Mandena,agriculture,2,10.5,0.2679891509244957,1.3053252401593143,0,0.13903462555243956,1.53,-0.5801851941292847,-0.32541622085707517,-0.8819694420642151,0.4369884204230514
2295,Microgale brevicaudata,Mandena,agriculture,2,8,-0.9374013814764801,-0.2447183874705896,1,-0.8396838880994613,1.53,-1.7928994263153935,-0.3732428490281795,2.226731659552865,1.0212272462985665
2296,Microgale brevicaudata,Mandena,agriculture,2,6.2,-1.8052825648051825,1.3053252401593143,1,-2.2508693245172076,1.64,0.11104828298264134,0.4751227025967632,2.16235174955162,0.7958001580681313
2302,Rattus rattus,Mandena,agriculture,2,100,0.4436030876956675,-0.15003581771277408,1,1.157495414483413,1.61,-1.199150689745736,0.16378481182738946,-0.5437841101142754,-0.20368046591143232
2303,Rattus rattus,Mandena,agriculture,2,98,0.38793852690333314,0.24304961841922415,0,0.5541631699246876,1.61,-0.6254510962246673,-0.26254008825720165,-0.7025781999348975,-0.3653813674845932
2304,Rattus rattus,Mandena,agriculture,2,142,1.6125588643346886,0.6236540209187589,1,1.2753979380049842,1.61,-0.9378682951092202,-1.051558936110465,2.3362438408527932,-2.111647336914246
2305,Microgale brevicaudata,Mandena,agriculture,2,10,0.02691104444430056,1.3053252401593143,1,-0.08229806075163551,1.53,1.3235725208327327,1.1476520993513564,0.8793888432880717,-2.0956045658008433
2306,Microgale brevicaudata,Mandena,agriculture,2,10,0.02691104444430056,-0.2447183874705896,1,0.17258902560286235,1.53,2.0449153282515296,1.6930323221371564,0.8145033151102264,-2.1723841822105534
2307,Microgale brevicaudata,Mandena,agriculture,2,13.5,1.7144577898056668,-0.2447183874705896,1,1.5339895609353214,1.53,1.4946906579987613,1.0116906147981877,0.01740041045453914,-1.419683665232257
2308,Microgale brevicaudata,Mandena,agriculture,2,10.5,0.2679891509244957,-0.2447183874705896,1,0.3939217119069375,1.53,1.9509437597767012,1.609410241592509,0.24636316172594155,-1.3034999677927919
2309,Microgale brevicaudata,Mandena,agriculture,2,10,0.02691104444430056,1.3053252401593143,1,-0.08229806075163551,1.64,1.8937509816355107,1.404438531779864,0.4803781669162774,-1.5142026101627932
2313,Rattus rattus,Mandena,agriculture,2,98,0.38793852690333314,0.6236540209187589,0,0.03539253333334289,1.61,0.3728166210496795,-0.4785108204091182,0.4096871291976412,-1.2020691498805554
2314,Rattus rattus,Mandena,agriculture,2,83,-0.029545679039174447,-0.9771245496296741,0,1.66182097705322,1.61,0.9370299381471878,0.061680793074700334,-0.3704652222199374,-0.5041249215509171
2315,Rattus rattus,Mandena,agriculture,2,105,0.5827644896765034,-0.15003581771277408,0,1.3206301174870494,1.61,0.5034843426205825,0.1687690897528206,-0.43967653708722115,-0.576432013053189
2318,Microgale brevicaudata,Mandena,agriculture,2,8.3,-0.7927545175883627,-0.2447183874705896,0,-0.6726802367798803,1.53,-0.3217015143959621,0.41481059222923927,-0.7688242009663233,0.06230271662723843
2319,Microgale brevicaudata,Mandena,agriculture,2,10.5,0.2679891509244957,-0.2447183874705896,1,0.3939217119069375,1.64,-0.40594466945519675,-0.9941774175204068,0.2033764324771356,0.2920005271054495
2324,Rattus rattus,Mandena,agriculture,2,125,1.139410097599847,0.6236540209187589,1,0.849044635242143,1.61,0.21942753894034378,-0.33470149561980095,-0.7064839691388255,0.3167619001650865
2327,Microgale brevicaudata,Mandena,agriculture,2,13,1.4733796833254715,-0.2447183874705896,1,1.3627835747157906,1.64,1.7387242658233792,1.351017663517244,-0.3409630243625037,-0.7049070050495411
2328,Rattus rattus,Mandena,agriculture,2,98,0.38793852690333314,0.24304961841922415,0,0.5541631699246876,1.61,0.9478685889571392,0.4980247750098126,-0.9563157590543098,-0.04397823424661762
2329,Rattus rattus,Mandena,agriculture,2,88,0.10961572294166141,0.24304961841922415,0,0.19428947947897046,1.61,-0.3855796206962701,-0.16492704784481063,-0.4277541466070027,-0.0626372729810033
2333,Microgale brevicaudata,Mandena,agriculture,2,9.2,-0.358813925924012,-0.2447183874705896,0,-0.20566498950452453,1.53,-0.716696442430212,-0.36051564404561587,-0.41133993753617437,0.9900493944439499
2334,Microgale brevicaudata,Mandena,agriculture,2,8,-0.9374013814764801,-0.2447183874705896,0,-0.8396838880994613,1.64,-0.33452371934985753,-0.28684842158156754,2.111924083276904,0.3762939498757617
2337,Rattus rattus,Mandena,agriculture,2,103,0.527099928884169,0.24304961841922415,0,0.7205456615830481,1.61,-2.7285151608384837,-1.746842187313125,0.05968949619477865,0.278525540050724
2338,Microgale brevicaudata,Mandena,agriculture,2,11.5,0.7501453638848861,-0.2447183874705896,0,0.806607924197797,1.53,-1.216416368829931,-0.06690699173382009,-0.5275196697137673,-0.5338648801781357
2339,Microgale brevicaudata,Mandena,agriculture,2,9.4,-0.2623826833319335,-0.2447183874705896,1,-0.10810380571279382,1.53,1.0829322216491224,0.9861594450570219,-0.3160612528027619,0.9373736159834047
2341,Rattus rattus,Mandena,agriculture,2,80,-0.11304252022767597,-0.15003581771277408,1,0.4113930475307765,1.61,-1.1830646745811466,-0.07565616430164991,3.153444988610492,-1.3990746728334615
2342,Rattus rattus,Mandena,agriculture,2,113,0.8054227328458408,0.24304961841922415,1,1.0303595564280865,1.61,-0.12414170938679585,-0.19238082481201474,0.8895005592486168,-0.43910039067109446
2343,Rattus rattus,Mandena,agriculture,2,138,1.50122974275002,0.6236540209187589,1,1.1798600625576663,1.61,-1.322487995661205,-0.2980317651764562,0.028434232568854897,0.6822713976308561
2345,Microgale brevicaudata,Mandena,secondary_forest,2,12,0.9912234703650812,-0.2447183874705896,1,0.9996762187554028,2.74,-0.625003917367519,-0.5487031693769179,-0.009473613099807895,-0.9913575934078724
2346,Microgale brevicaudata,Mandena,secondary_forest,2,11,0.5090672574046908,-0.2447183874705896,1,0.6049560505417192,2.74,-1.4072102544216156,-0.7887387149477422,0.8334935458830729,-1.8884497419491262
2347,Microgale brevicaudata,Mandena,secondary_forest,2,6.8,-1.5159888370289485,-0.2447183874705896,0,-1.5769380427706945,2.78,0.24392493372754603,0.4953425964284075,-0.2992142338845838,0.8568488844712405
2348,Microgale brevicaudata,Mandena,secondary_forest,2,7.2,-1.3231263518447922,-0.2447183874705896,0,-1.3176434596218631,2.78,0.1323982471042666,-0.8548893953730984,-0.893485679058146,0.5202448954366656
2349,Microgale brevicaudata,Mandena,secondary_forest,2,12,0.9912234703650812,-0.2447183874705896,1,0.9996762187554028,2.78,0.7660634972717871,0.33202643297280493,0.6751165391972285,0.39186541583356677
2350,Microgale brevicaudata,Mandena,secondary_forest,2,7,-1.4195575944368704,-0.2447183874705896,1,-1.445438394947926,2.78,-0.5713650833970831,-0.03836965962167741,-0.5555825009145513,0.4991766361037915
2352,Microgale brevicaudata,Mandena,secondary_forest,2,6.6,-1.6124200796210266,-1.929711741070867,0,-1.4352855903079391,2.74,0.8971971388537296,1.6165153217931025,-0.7124300350653695,-0.21822706601098008
2353,Rattus rattus,Mandena,secondary_forest,2,31,-1.4768242596398675,-1.4131010215726132,0,-1.0368892855423966,2.78,-0.46231720719357905,0.41694968756239104,-0.8572324442727448,-0.4054449018044198
2354,Rattus rattus,Mandena,secondary_forest,2,25,-1.6438179420168704,-1.8655332705965477,1,-1.1394620165158071,2.78,0.9922658575398897,0.28993612464573254,-0.5071200492806636,-0.5959945437140379
2355,Microgale brevicaudata,Mandena,secondary_forest,2,10,0.02691104444430056,-0.2447183874705896,1,0.17258902560286235,2.74,-1.327303160187746,-1.07465634615322,0.12237459913670468,1.0364234852887733
2357,Rattus rattus,Mandena,secondary_forest,2,42,-1.1706691752820286,-1.4131010215726132,0,-0.02149732640979022,2.78,0.8444367301153164,1.1195036673181828,0.001979183719625386,0.14936048197240182
2359,Microgale brevicaudata,Mandena,secondary_forest,2,9,-0.45524516851608976,-0.2447183874705896,0,-0.30537054591954027,2.78,-0.1444216015695543,-0.6724588133585307,-0.44716949499611963,-0.4687053550965055
2361,Rattus rattus,Mandena,secondary_forest,2,120,1.0002486956190109,0.24304961841922415,1,1.2313229261846412,2.78,0.9661865226390518,1.8396039841329745,0.23716419922871665,-1.0555490627816235
2363,Microgale brevicaudata,Mandena,secondary_forest,2,7.8,-1.0338326240685582,-1.929711741070867,0,-0.6774580661338655,2.78,-0.8358965814053565,-0.05113537315718036,-0.6409876411375703,-0.2883249297337787
2367,Rattus rattus,Mandena,secondary_forest,2,45,-1.087172334093527,-1.4131010215726132,0,0.2091871115500139,2.78,-0.33455936870067754,0.21106210354243857,2.3001314259421104,-1.1655711118501817
2368,Rattus rattus,Mandena,secondary_forest,2,69,-0.41919760458551486,0.24304961841922415,1,-0.6189749364003918,2.78,1.0793025683493849,0.47932633956658516,-0.9289095064031506,0.013184175967966387
2371,Microgale brevicaudata,Mandena,semi-intact_forest,2,12.5,1.2323015768452763,-0.2447183874705896,1,1.184861939305184,3.34,0.21722480796703436,0.6801810909641675,-0.35433152898826864,-0.1634405253285479
2372,Microgale brevicaudata,Mandena,semi-intact_forest,2,11,0.5090672574046908,-0.2447183874705896,1,0.6049560505417192,3.34,0.7231066223200195,0.010263871298606167,-0.23346344309591133,0.9517288835521936
2373,Microgale brevicaudata,Mandena,semi-intact_forest,2,8,-0.9374013814764801,-0.2447183874705896,0,-0.8396838880994613,3.34,0.7086232161670974,1.0701866073752428,-0.7012981637921106,0.4305963449264259
2374,Microgale brevicaudata,Mandena,semi-intact_forest,2,12,0.9912234703650812,-0.2447183874705896,1,0.9996762187554028,3.34,-1.04541512027069,-1.0752260199530448,-0.4678836594111512,-1.2039232756740377
2375,Microgale brevicaudata,Mandena,semi-intact_forest,2,12.5,1.2323015768452763,-1.929711741070867,1,1.4619399768327923,3.49,-0.19460982914093128,-0.5585391324933131,0.3889016681296252,0.7585354997582905
2377,Rattus rattus,Mandena,semi-intact_forest,2,32,-1.4489919792437003,-1.4131010215726132,1,-0.9307343963660629,3.44,0.7495282607216726,0.8515537448477352,0.4366702229040727,-1.1727666449886016
2378,Microgale brevicaudata,Mandena,semi-intact_forest,2,12,0.9912234703650812,-0.2447183874705896,1,0.9996762187554028,3.49,0.25364843042071544,-0.45599456671155886,-0.16759926249149487,0.9230010444177063
2381,Rattus rattus,Mandena,semi-intact_forest,2,129,1.2507392191845155,0.6236540209187589,1,0.9543635203743287,3.44,-0.2227648240056434,-0.3438185182930829,0.80310941318668,-0.975337498124241
2383,Microgale brevicaudata,Mandena,semi-intact_forest,2,11.5,0.7501453638848861,-0.2447183874705896,1,0.806607924197797,3.34,-1.5015974641826624,-0.031531897090979054,-0.3027327315984512,-1.1772903130601935
2385,Microgale brevicaudata,Mandena,semi-intact_forest,2,10.5,0.2679891509244957,-1.929711741070867,0,0.6709997494345459,3.34,-0.7361209573856227,-0.6475744657612883,-0.5903361626120898,0.8516627402067851
2386,Microgale brevicaudata,Mandena,flooded_rice,2,10,0.02691104444430056,-0.2447183874705896,1,0.17258902560286235,1.12,0.054877799993897955,-0.7617372006656938,-0.9213734505559704,0.40456666354204723
2387,Microgale brevicaudata,Mandena,flooded_rice,2,7,-1.4195575944368704,-3.7754131315898922,1,-0.8648557067614356,1.12,0.6083905657478553,0.7224944294362547,-0.6338435161269469,0.17451788342751062
2388,Microgale brevicaudata,Mandena,flooded_rice,2,9,-0.45524516851608976,-0.2447183874705896,0,-0.30537054591954027,1.12,0.6251285440513632,0.9671114986559352,-0.6354169218398407,-0.2911048825530161
2389,Microgale brevicaudata,Mandena,flooded_rice,2,9,-0.45524516851608976,-1.929711741070867,1,-0.028292508391931877,1.12,-1.1696944265523852,-0.18002900241567107,1.1713730050848097,-0.307547330045639
2390,Microgale brevicaudata,Mandena,flooded_rice,2,9,-0.45524516851608976,-1.929711741070867,1,-0.028292508391931877,1.15,-1.1626175517420672,-1.0046317485335567,-0.41662217992158845,-1.1699812496315747
2392,Microgale brevicaudata,Mandena,flooded_rice,2,7.5,-1.1784794879566753,-1.929711741070867,0,-0.8553797015444743,1.15,0.12628127422330118,0.596895434018217,-0.6658833841128229,0.4474880770084249
2393,Microgale brevicaudata,Mandena,flooded_rice,2,8,-0.9374013814764801,-0.2447183874705896,1,-0.8396838880994613,1.15,1.1893671548165472,1.621499451273579,-0.5295961056426325,-0.26105802430579556
2394,Microgale brevicaudata,Mandena,flooded_rice,2,9,-0.45524516851608976,-0.2447183874705896,0,-0.30537054591954027,1.15,0.800675678517238,1.034425135836087,0.37127357607494593,-1.5779822261812442
2396,Rattus rattus,Mandena,flooded_rice,2,118,0.9445841348266766,0.6236540209187589,1,0.6563560397637542,1.19,-1.6016506121223197,-0.6800768094847807,-0.23669673597732657,-0.08590076858685589
2397,Rattus rattus,Mandena,flooded_rice,2,100,0.4436030876956675,1.3504239103352331,1,-0.8876581444013727,1.19,-0.8571917578304687,0.12170102793772085,-0.5283181455155016,0.2564709311672243
2398,Rattus rattus,Mandena,flooded_rice,2,122,1.0559132564113454,0.24304961841922415,0,1.2865902697275775,1.19,0.3768731758912064,0.8955707237453571,-0.755102596172118,-0.09169567378664713
2399,Rattus rattus,Mandena,flooded_rice,2,95,0.3044416857148316,1.3504239103352331,1,-1.0591623089894042,1.19,-0.704788613914815,-0.38303734278195634,-0.5695798723314804,0.08746979237396757
2400,Rattus rattus,Mandena,flooded_rice,2,122,1.0559132564113454,0.24304961841922415,0,1.2865902697275775,1.19,-1.388324982035421,-0.7167236674512112,1.2354124303901595,-1.2706224583428287
2401,Microgale brevicaudata,Mandena,flooded_rice,2,11,0.5090672574046908,-0.2447183874705896,0,0.6049560505417192,1.12,1.4924154638041762,0.8774403899852277,0.430018381594947,-1.977249458496497
2402,Microgale brevicaudata,Mandena,flooded_rice,2,10.5,0.2679891509244957,-0.2447183874705896,1,0.3939217119069375,1.15,2.3400517191785175,2.799097084729567,0.5865887598625521,0.17298900458934102
2405,Microgale brevicaudata,Mandena,flooded_rice,2,10.5,0.2679891509244957,-1.929711741070867,1,0.6709997494345459,1.15,-0.24993245870958963,-0.0053997768233469585,-0.8868894476836993,0.3514308659434126
2406,Microgale brevicaudata,Mandena,flooded_rice,2,13.5,1.7144577898056668,-0.2447183874705896,1,1.5339895609353214,1.12,0.7896130548588938,-0.49442213880792724,-0.4409146293801775,0.5287022990638338
2407,Microgale brevicaudata,Mandena,flooded_rice,2,8,-0.9374013814764801,-1.929711741070867,0,-0.5626058505718528,1.12,-0.454450845954216,0.035436587004503806,-0.816046457861437,0.2301986940023083
2410,Rattus rattus,Mandena,flooded_rice,2,117,0.9167518544305094,0.6236540209187589,1,0.6278997134741148,1.19,0.8791808048065723,0.33938868216600654,-0.20562475817728285,0.9848489578297018
2411,Microgale brevicaudata,Mandena,flooded_rice,2,7,-1.4195575944368704,-1.929711741070867,0,-1.1683603574203172,1.12,-0.0690788183850111,-0.02979772899055803,-0.823119246328414,0.16369444121652482
2412,Microgale brevicaudata,Mandena,flooded_rice,2,5.2,-2.2874387777655727,-1.929711741070867,0,-2.51681817298873,1.15,0.8832990408164316,-0.2234652785634479,-0.583129405857242,-0.8986692007852453
2416,Rattus rattus,Mandena,flooded_rice,2,59,-0.6975204085471866,0.24304961841922415,1,-1.1424789591943039,1.19,1.3885129987894531,0.8979360957127478,-0.48332835919509565,-0.3476670608316653
2417,Rattus rattus,Mandena,flooded_rice,2,145,1.6960557055231902,0.24304961841922415,0,1.8640721274301637,1.19,-1.1277542061162589,-1.4264973855120604,-0.13573714945305565,0.11089726658654225
2418,Rattus rattus,Mandena,flooded_rice,2,138,1.50122974275002,0.24304961841922415,0,1.698630699149011,1.19,-0.3895029812405926,0.2659372621154335,0.8105700828326459,0.054821546294142036
2419,Rattus rattus,Mandena,flooded_rice,2,135,1.4177329015615185,-0.15003581771277408,0,2.160924576750645,1.19,-0.040799801620713914,0.09023803907283465,-0.5860483024860267,-0.40500420124034986
2420,Rattus rattus,Mandena,flooded_rice,2,122,1.0559132564113454,-0.15003581771277408,0,1.8223727793301367,1.19,1.1386472101566698,-0.056226195876793714,-0.2735763644256059,0.5969040679075153
2421,Microgale brevicaudata,Mandena,flooded_rice,2,7.3,-1.2749107305487535,-1.929711741070867,0,-0.977993116946733,1.15,0.27758687221456346,0.6796957342889276,0.7642796959427802,0.9437974196958495
2422,Microgale brevicaudata,Mandena,flooded_rice,2,9.2,-0.358813925924012,-1.929711741070867,1,0.0714130480230839,1.15,1.856086157375936,1.4056181686549534,0.7173879257060967,-1.9020312705186153
2424,Microgale brevicaudata,Mandena,flooded_rice,2,7.2,-1.3231263518447922,-0.2447183874705896,1,-1.3176434596218631,1.15,-1.2749683408693797,-0.7260803903194697,0.11972493310044832,1.0325387666654007
2427,Rattus rattus,Mandena,flooded_rice,2,53.5,-0.850597950726106,-0.5564486945961132,1,-0.37993883799512096,1.19,1.247387039269015,1.1087224437236096,0.06505033346384378,0.18291905205539566
2428,Rattus rattus,Mandena,flooded_rice,2,128,1.2229069387883482,0.9925456411273541,1,0.42553726597655456,1.19,0.6139879209558455,0.3817751649337861,-0.07256788861323543,-0.8291396097631842
2429,Rattus rattus,Mandena,flooded_rice,2,113,0.8054227328458408,0.6236540209187589,1,0.5115889198367418,1.19,-0.1636901792537962,-0.7385692112751191,0.3462248712562856,-0.8381630900330164
2430,Microgale brevicaudata,Mandena,flooded_rice,2,6.7,-1.5642044583249874,-1.929711741070867,0,-1.3670674596649115,1.15,0.05817449193182784,0.12490564714618668,-0.9824985999358232,0.45453598251711974
2432,Microgale brevicaudata,Mandena,flooded_rice,2,13,1.4733796833254715,-0.2447183874705896,0,1.3627835747157906,1.19,-0.4504948475794359,-0.4513439560047573,-0.7658904445783049,0.06540610139849196
2434,Rattus rattus,Mandena,flooded_rice,2,130,1.2785714995806827,0.24304961841922415,0,1.4989535760546484,1.19,-0.4980001711267061,-1.2310546699805358,1.049407973504369,-1.2409902276138505
2435,Rattus rattus,Mandena,flooded_rice,2,150,1.8352171075040262,0.6236540209187589,1,1.4586546565459302,1.19,-0.806394672594761,-0.8414682505397341,-0.3921292849696773,-0.014051445849675949
2436,Rattus rattus,Mandena,flooded_rice,2,146,1.7238879859193574,0.24304961841922415,1,1.8870522739509945,1.19,0.7035072890830633,-0.15234099615705513,1.0069503343556654,-1.5078040048922123
2437,Rattus rattus,Mandena,flooded_rice,2,134,1.3899006211653513,0.24304961841922415,0,1.6002824867788181,1.19,-0.041917580666065705,0.2327136298444433,-0.5955229291023865,-0.6348467451761077
2438,Rattus rattus,Mandena,flooded_rice,2,137,1.4733974623538528,0.6236540209187589,1,1.1555428778676067,1.19,0.43327168770005037,0.808835101694386,-0.4643156768919309,0.2924256405027368
2441,Microgale brevicaudata,Mandena,agroforest,2,11.5,0.7501453638848861,-0.2447183874705896,0,0.806607924197797,0.49,0.343304066800983,0.43611643900517505,-0.85288430740922,0.3100695620602674
2444,Microgale brevicaudata,Mandena,agroforest,2,10,0.02691104444430056,-0.2447183874705896,1,0.17258902560286235,0.4,-0.10043120785695953,0.13178852646014141,-0.6457009306028674,-1.0924691347619733
2445,Microgale brevicaudata,Mandena,agroforest,2,8,-0.9374013814764801,-0.2447183874705896,0,-0.8396838880994613,0.4,-0.16934668389264304,-0.10385082998879556,-0.11608501176723267,0.4590680924411533
2451,Rattus rattus,Mandena,village,2,26,-1.6159856616207033,-1.8655332705965477,0,-1.0083237122946433,0,-0.3226453835402348,-0.8325444701558751,-0.8224718933038907,-0.3610951535959712
2452,Rattus rattus,Mandena,village,2,65,-0.5305267261701836,-1.4131010215726132,0,1.4387110087130002,0,0.9348334083984591,0.8297237105743239,0.09439965541535168,-1.0809046030155418
2453,Rattus rattus,Mandena,village,2,64,-0.5583590065663507,-0.15003581771277408,0,-0.3347093194218571,0,0.9596353111841274,0.864436098409032,-0.4127372276220864,-0.7290125033834643
2454,Rattus rattus,Mandena,village,2,72,-0.3357007633970133,-0.5564486945961132,0,0.6130578722605948,0,-0.19938664061705774,-0.8032604094013787,0.28327485837833544,-0.20899684757262288
2456,Rattus rattus,Mandena,village,2,98,0.38793852690333314,0.6236540209187589,1,0.03539253333334289,0,0.622406102461461,0.4763602550985836,-0.6969064522635559,-0.618640963441653
2457,Rattus rattus,Mandena,village,2,112,0.7775904524496735,-0.15003581771277408,0,1.5364209978273948,0,-0.7866644044933437,-0.3212239038575952,-0.3647182711548756,-0.029116744877257666
2458,Rattus rattus,Mandena,village,2,26.5,-1.6020695214226197,-1.8655332705965477,1,-0.9446342026937206,0,0.036528242267776935,-0.2502717246121131,-0.9221663244000539,0.17613494669020358
2459,Rattus rattus,Mandena,village,2,53.5,-0.850597950726106,-1.4131010215726132,0,0.7876936698910673,0,-0.5574263975561384,-0.10147736359524852,-1.0419851762335874,0.1370425897742131
2460,Rattus rattus,Mandena,village,2,27.5,-1.5742372410264525,-1.8655332705965477,0,-0.8207830749650556,0,1.184953671360148,0.6120350480982779,-0.43525095806622066,0.6474786006301293
2461,Rattus rattus,Mandena,agroforest,2,65,-0.5305267261701836,-0.15003581771277408,1,-0.2828695498921954,0.45,1.248822028418245,0.41736315736011836,-0.11119536640376679,0.2693349523017654
2462,Rattus rattus,Mandena,agroforest,2,88,0.10961572294166141,0.6236540209187589,0,-0.32448115711237435,0.45,0.26392261307382237,-0.13465037541296743,-0.9509004909349641,-0.5668729091193203
2464,Rattus rattus,Mandena,agroforest,2,170,2.3918627154273695,0.24304961841922415,0,2.395920547260572,0.45,-0.24361899863717582,-0.5719521695522524,-1.0620029927844685,-0.017845055175500644
2468,Rattus rattus,Mandena,village,2,57.5,-0.7392688291414373,0.24304961841922415,0,-1.228584957704182,0,0.7775866978118771,0.5592023388486226,-0.3928026215855503,-0.7320676303646305
2469,Rattus rattus,Mandena,village,2,33,-1.421159698847533,-1.8655332705965477,0,-0.211173053661267,0,-1.4156101488823432,-2.3899979484514895,1.5799136268433638,2.1996336891839143
2470,Rattus rattus,Mandena,village,2,47,-1.0315077733011926,-0.15003581771277408,0,-1.3669967069102948,0,1.2111133212037044,1.1592248402264838,-0.8290068695230894,-0.038853498743386804
2471,Rattus rattus,Mandena,village,2,81,-0.08521023983150879,-0.5564486945961132,0,1.0068770132240397,0,1.5884766687604301,0.9993643122339456,-0.5773621106755222,0.019255438361476945
2472,Rattus rattus,Mandena,village,2,62,-0.614023567358685,-1.4131010215726132,0,1.2807163500070065,0,1.4440585101741368,0.7764655341360076,-0.4018462430366693,0.10975822899249124
2474,Rattus rattus,Mandena,agroforest,2,95,0.3044416857148316,0.6236540209187589,1,-0.06856189629852215,0.45,1.0000490116622751,1.3215701246517402,-0.956559803547945,-0.4315298143589823
2475,Rattus rattus,Mandena,agroforest,2,104,0.5549322092803362,-0.15003581771277408,0,1.2886337187045738,0.45,0.16386495853749952,0.5114701972973089,-0.8032918987612587,-0.416511232213478
2478,Rattus rattus,Mandena,village,2,29,-1.5324888204322018,-2.825087789231432,0,0.6646848824098613,0,1.270698872821118,1.2437858398260808,-0.4071168349486087,-0.6045878058613553
2479,Rattus rattus,Mandena,village,2,120,1.0002486956190109,0.24304961841922415,1,1.2313229261846412,0,-0.16659710935800787,0.16411254314049614,-0.5601849071260677,0.3777240099831083
2481,Rattus rattus,Mandena,village,2,122,1.0559132564113454,-0.15003581771277408,1,1.8223727793301367,0,0.5175211724971058,0.17074459552382373,1.3088461682676669,-1.6340610338963857
2486,Rattus rattus,Mandena,village,2,25.5,-1.629901801818787,-1.4131010215726132,1,-1.6899232698760938,0,0.7929681093247073,0.9317974729834935,-0.7528308404227191,-0.0765205924461541
2487,Rattus rattus,Mandena,village,2,33,-1.421159698847533,-2.335712424003131,0,0.42968957725643797,0,1.2086463075940583,0.1001360567876547,-0.1476703219477181,-0.018441798561628645
2490,Rattus rattus,Mandena,village,2,139,1.529062023146187,0.6236540209187589,1,1.2040016703759342,0,-1.242434235167604,-0.47550762101782806,-0.6844679252101044,0.21481398616337058
2491,Rattus rattus,Mandena,village,2,120,1.0002486956190109,-0.15003581771277408,0,1.7671054357872003,0,0.7235458937063681,-0.11786258685091974,0.2815075918018813,-1.0214019568476445
2495,Rattus rattus,Mandena,agroforest,2,41.5,-1.184585315480112,-1.4131010215726132,1,-0.061540896723187535,0.45,-0.14508828038152938,0.0173608248095551,0.32416594639210716,-0.09314519885932378
2496,Rattus rattus,Mandena,agroforest,2,112,0.7775904524496735,0.9925456411273541,1,-0.02093805232359639,0.45,0.5029307132544593,0.5546946685055276,-0.7520423737907289,-0.3876263359831239
2497,Microgale brevicaudata,Mandena,brushy_regrowth,3,11,0.5090672574046908,1.3053252401593143,1,0.3500689641872214,2.28,0.07088110137987859,-0.07684148215750387,-0.5289789071266657,-1.2203142248143102
2498,Microgale brevicaudata,Mandena,brushy_regrowth,3,10.5,0.2679891509244957,1.3053252401593143,1,0.13903462555243956,2.28,0.7925508656300072,1.2493984249641459,-0.7080616266263237,0.3756621197635817
2499,Rattus rattus,Mandena,brushy_regrowth,3,73,-0.3078684830008462,0.24304961841922415,1,-0.43055336159840824,2.21,0.7805047894056075,1.5450955302919194,-0.6941759456995169,-0.5746906651603901
2500,Rattus rattus,Mandena,brushy_regrowth,3,77,-0.19653936141617748,0.6236540209187589,1,-0.7709564754125254,2.21,-1.050843256636993,-0.32558869885460795,-0.005439481593968676,0.35246007139496116
2501,Rattus rattus,Mandena,brushy_regrowth,3,36.5,-1.323746717460948,-2.335712424003131,0,0.7667399834720414,2.21,0.9877818683888527,1.1346418992787024,-0.5399611528903301,-0.6608740662548145
2502,Rattus rattus,Mandena,brushy_regrowth,3,74,-0.280036202604679,0.6236540209187589,1,-0.9038321650493147,2.21,-0.16829837132972225,-0.4086799204924928,0.4241704547134479,1.7732297811023414
2503,Rattus rattus,Mandena,brushy_regrowth,3,118,0.9445841348266766,0.6236540209187589,0,0.6563560397637542,2.21,0.5704781499313972,0.7886340473921238,-0.4528441813639311,-0.2986221548304141
2504,Rattus rattus,Mandena,brushy_regrowth,3,20.5,-1.7690632037996228,-3.335293796922699,0,0.20030778603744703,2.21,1.1691730581446758,1.632558765499599,-0.2699511019123286,-0.8317120553157357
2505,Rattus rattus,Mandena,brushy_regrowth,3,64,-0.5583590065663507,0.24304961841922415,1,-0.8704918290244161,2.21,1.156629418661127,0.48080246997927506,-0.08020243292654662,0.47689407644243875
2506,Rattus rattus,Mandena,brushy_regrowth,3,81,-0.08521023983150879,0.6236540209187589,1,-0.6016241836888715,2.21,1.170934828663529,1.2617221419904396,-0.4542576156200562,-0.350281153139228
2507,Rattus rattus,Mandena,brushy_regrowth,3,63,-0.5861912869625179,-0.5564486945961132,0,0.16658255396044386,2.21,1.2682834687525095,0.6934902685646386,-0.3816921585262788,0.2236888688676402
2508,Rattus rattus,Mandena,brushy_regrowth,3,182,2.7258500801813756,0.6236540209187589,1,2.1052108897599218,2.21,1.1233155661793917,1.7994001073745063,-0.25936615485315345,0.15059808442133438
2509,Rattus rattus,Mandena,brushy_regrowth,3,118,0.9445841348266766,0.24304961841922415,0,1.175126676355099,2.21,1.239839760567449,1.7401336840706636,0.18346228110269333,-0.3889109280422216
2510,Rattus rattus,Mandena,brushy_regrowth,3,149,1.807384827107859,1.3504239103352331,1,0.4456889554008912,2.21,0.4202497567017079,1.2347626465695098,0.19526759378128467,-1.0925480874301277
2511,Rattus rattus,Mandena,brushy_regrowth,3,94,0.27660940531866446,0.24304961841922415,1,0.414826419036549,2.21,0.5135662946480833,-0.25932714214430874,-0.8946036240058989,-0.07321220483132242
2512,Rattus rattus,Mandena,brushy_regrowth,3,124,1.1115778172036797,0.6236540209187589,1,0.8221882807573098,2.21,0.991621218774707,0.5988946004863102,-0.4309843993077086,-0.059894938743912385
2513,Rattus rattus,Mandena,brushy_regrowth,3,72,-0.3357007633970133,0.24304961841922415,1,-0.47667268806097146,2.21,-0.307513792905888,0.09500665088658844,-0.5256650787309382,0.3132147192613566
2514,Rattus rattus,Mandena,brushy_regrowth,3,117,0.9167518544305094,1.3504239103352331,1,-0.3627006992167673,2.21,0.9788818692398734,0.8862844753957796,-0.3819894047787514,-0.07584166628040526
2515,Rattus rattus,Mandena,brushy_regrowth,3,122,1.0559132564113454,0.6236540209187589,1,0.7678196331362328,2.21,0.6129324832745544,0.7498711014819264,-0.9722629606372893,-0.020279589737865526
2516,Rattus rattus,Mandena,brushy_regrowth,3,99,0.41577080729950033,0.6236540209187589,0,0.06933798385106738,2.21,0.7714279762170377,0.47452674607685313,0.41045783544734266,0.9076517507705796
2517,Rattus rattus,Mandena,brushy_regrowth,3,73,-0.3078684830008462,-0.9771245496296741,0,1.23256594483635,2.21,0.7794944430141886,0.8014581092628836,-1.123208842509873,-0.014278836829486025
2518,Rattus rattus,Mandena,brushy_regrowth,3,109,0.6940936112611721,0.24304961841922415,1,0.9098564912193013,2.21,1.1694649449190477,1.1245368379086345,-0.7532599429773394,-0.43356221898895325
2522,Rattus rattus,Mandena,brushy_regrowth,3,24,-1.6716502224130376,-3.335293796922699,1,0.7273556333890135,2.21,1.323303747530808,1.2486464418843175,-0.7699809989464004,-0.4205055903058538
2523,Rattus rattus,Mandena,brushy_regrowth,3,70.5,-0.3774491839912641,0.24304961841922415,1,-0.5470668282564302,2.21,0.7465255048087007,0.6743597029432447,-0.6416615467622482,-0.6182057653077012
2524,Microgale brevicaudata,Mandena,brushy_regrowth,3,10.5,0.2679891509244957,-1.929711741070867,1,0.6709997494345459,2.38,1.6135110048627965,2.422718010714899,0.2991018619927354,0.5040923310608142
2525,Microgale brevicaudata,Mandena,brushy_regrowth,3,9.5,-0.2141670620358946,-0.2447183874705896,1,-0.06009891118615097,2.38,-0.4067600140972865,-1.0139816027138102,-0.2776541822947266,0.8995925645483085
2526,Rattus rattus,Mandena,brushy_regrowth,3,36,-1.3376628576590315,0.24304961841922415,0,-2.7942783236103748,2.21,0.1050872577959632,1.057600443552085,-0.4574191780701678,0.31985767548748434
2527,Rattus rattus,Mandena,brushy_regrowth,3,114,0.8332550132420079,0.6236540209187589,1,0.541048125005268,2.21,0.9970887994486791,1.1217609442546204,-0.672201860037172,0.10173926178890011
2528,Microgale brevicaudata,Mandena,brushy_regrowth,3,9.5,-0.2141670620358946,-0.2447183874705896,0,-0.06009891118615097,2.38,2.0618617762337488,2.486662736224876,0.8975483379879738,0.4033419782132795
2529,Microgale brevicaudata,Mandena,brushy_regrowth,3,10.5,0.2679891509244957,-0.2447183874705896,1,0.3939217119069375,2.38,-1.5681742675729413,-0.7052752936898621,-0.022618036307679737,1.0116750959769147
2530,Microgale brevicaudata,Mandena,brushy_regrowth,3,9.8,-0.06952019814777716,-0.2447183874705896,1,0.08094105603109554,2.28,-0.05801086925272966,-0.29527733600695377,-0.8134771400453435,0.17302330128559437
2535,Rattus rattus,Mandena,brushy_regrowth,3,130,1.2785714995806827,0.6236540209187589,1,0.9801829394633037,2.21,0.7062931797814028,1.4945353339701508,-0.2502426196419773,-0.5345834831465504
2536,Rattus rattus,Mandena,brushy_regrowth,3,52,-0.8923463713203568,-0.15003581771277408,0,-1.0289719168448277,2.21,0.1973306557665072,1.0325344922254318,0.14717599784294574,-0.5851819628165759
2537,Rattus rattus,Mandena,brushy_regrowth,3,99,0.41577080729950033,0.9925456411273541,1,-0.43346792010602003,2.21,0.7355593781268264,1.3299339216455635,-0.01005017504509954,-1.0485050559963356
2539,Rattus rattus,Mandena,brushy_regrowth,3,31,-1.4768242596398675,-1.8655332705965477,1,-0.4202160040480051,2.21,1.2490232127932384,0.7729476151297298,-0.36107234174451563,0.4481487008468455
2540,Rattus rattus,Mandena,brushy_regrowth,3,128,1.2229069387883482,0.9925456411273541,0,0.42553726597655456,2.21,0.32376295967695595,0.2638719002169474,-1.0773698250290638,-0.4174772584486557
2541,Rattus rattus,Mandena,brushy_regrowth,3,46,-1.0593400536973598,-1.8655332705965477,1,0.8993490250453305,2.21,0.9825439898866716,1.3403385007673578,-0.9108142273183616,-0.14675161369972145
2544,Microgale brevicaudata,Mandena,agriculture,3,10.5,0.2679891509244957,-1.929711741070867,1,0.6709997494345459,1.53,1.5041843407354034,1.9974363832998558,0.33915465208508333,0.540511015768638
2548,Rattus rattus,Mandena,agriculture,3,71,-0.3635330437931805,0.24304961841922415,1,-0.5234370609530739,1.61,0.0926574358966729,0.2971929163901228,0.9938771605259468,0.8128722628380436
2549,Rattus rattus,Mandena,agriculture,3,64,-0.5583590065663507,0.24304961841922415,0,-0.8704918290244161,1.61,-0.20335066468283255,-0.5312312862429808,-0.5171244528131799,-0.5644259561178857
2550,Rattus rattus,Mandena,agriculture,3,45,-1.087172334093527,-1.4131010215726132,0,0.2091871115500139,1.61,-1.1194582364991659,-0.6852631072025605,0.27136634129509163,0.7651386609639069
2552,Rattus rattus,Mandena,agriculture,3,58,-0.7253526889433538,-0.5564486945961132,0,-0.10990531475030636,1.61,-1.5028115510691957,-0.10806640082325585,0.14273343749746614,1.1916560348301453
2553,Rattus rattus,Mandena,agriculture,3,50,-0.9480109321126912,-0.5564486945961132,0,-0.6061621703469839,1.61,0.9941305626142923,1.3412080135465114,0.4057626615520954,-1.1207503848968559
2554,Rattus rattus,Mandena,agriculture,3,147,1.7517202663155247,0.6236540209187589,1,1.3911049215897637,1.61,-0.7135975010899818,-0.09711767042992017,0.8980699817331607,0.12419187559554824
2555,Rattus rattus,Mandena,agriculture,3,148,1.7795525467116917,1.3504239103352331,1,0.42317305780920317,1.61,0.6308141130721284,1.1448558179916613,-0.31432761124089736,-0.6155691907542457
2556,Rattus rattus,Mandena,agriculture,3,61,-0.6418558477548523,0.24304961841922415,1,-1.0310153658218253,1.61,0.46589943612102774,0.6099828299546176,0.15752935598427006,-0.4665914450310674
2557,Rattus rattus,Mandena,agriculture,3,60,-0.6696881281510194,-0.15003581771277408,0,-0.5505001997622027,1.61,0.3061158803932056,0.35764324221345895,-0.9318206094510061,-0.5444159002438423
2558,Rattus rattus,Mandena,agriculture,3,102,0.4992676484880018,0.24304961841922415,0,0.6879249330149562,1.61,0.2170019681020903,0.6385321365028699,-0.8371365625695808,-0.5781496181553084
2564,Rattus rattus,Mandena,agriculture,3,71,-0.3635330437931805,-0.9771245496296741,0,1.1396822454816842,1.61,-0.50675798502313,-0.15331775522125615,-0.702475934283122,0.34138451304154294
2565,Rattus rattus,Mandena,agriculture,3,134,1.3899006211653513,0.6236540209187589,1,1.0815118501874732,1.61,0.29903226069449923,0.6549899852303134,-1.1788034744352485,-0.24644267588799282
2566,Rattus rattus,Mandena,agriculture,3,73,-0.3078684830008462,0.24304961841922415,0,-0.43055336159840824,1.61,0.5761125527805362,1.423042022404441,-0.19886512302926937,-0.9860096266894116
2567,Rattus rattus,Mandena,agriculture,3,108,0.6662613308650048,0.6236540209187589,0,0.36026906360410765,1.61,0.4502930234229243,-0.1729064422490874,-0.24080016106269395,-0.546456172985448
2568,Rattus rattus,Mandena,agriculture,3,120,1.0002486956190109,0.6236540209187589,1,0.7125522895932965,1.61,0.5728991616599771,0.8706231958630781,-0.7373928481450243,-0.6197155241430573
2569,Rattus rattus,Mandena,agriculture,3,148,1.7795525467116917,0.9925456411273541,1,0.9109675665429979,1.61,-0.24553245074273575,0.23405924095839034,-0.9047275958500101,0.1780952572537198
2570,Rattus rattus,Mandena,agriculture,3,104,0.5549322092803362,0.24304961841922415,0,0.7528512091020148,1.61,0.8989609944731668,0.889226936658861,-0.14785929050495794,-0.0023563497860516007
2571,Rattus rattus,Mandena,agriculture,3,112,0.7775904524496735,0.9925456411273541,1,-0.02093805232359639,1.61,-0.5754137213070819,0.21099011652362207,-0.8500455922063515,-0.201062760641097
2572,Rattus rattus,Mandena,agriculture,3,47,-1.0315077733011926,-0.15003581771277408,0,-1.3669967069102948,1.61,0.746193899051829,0.5785083043829272,-0.2496209392793182,0.3048137384627711
2573,Rattus rattus,Mandena,agriculture,3,94,0.27660940531866446,0.6236540209187589,1,-0.10394421755479583,1.61,-2.913924663734084,-1.8535368735110866,0.8262076669908021,1.5119009084464414
2574,Rattus rattus,Mandena,agriculture,3,144,1.6682234251270232,0.9925456411273541,1,0.8193564069399992,1.61,0.8415016558652604,1.343579592720174,0.2930237396379884,-1.1017315139307768
2577,Rattus rattus,Mandena,agriculture,3,60,-0.6696881281510194,-0.15003581771277408,1,-0.5505001997622027,1.61,0.1370990154825403,0.09222088905774682,-0.3070029176943865,-0.8248965508447295
2578,Microgale brevicaudata,Mandena,agriculture,3,11.5,0.7501453638848861,-0.2447183874705896,0,0.806607924197797,1.61,-0.9396868798694944,-0.6023110598213802,-0.1873523483821107,0.9865616652266431
2579,Microgale brevicaudata,Mandena,agriculture,3,10,0.02691104444430056,-0.2447183874705896,1,0.17258902560286235,1.53,-0.24149129844053024,-0.48928384816630466,-0.7069534361930262,0.02005637245936693
2581,Rattus rattus,Mandena,agriculture,3,55,-0.8088495301318552,-0.5564486945961132,0,-0.2874832287962325,1.61,-0.07702940840256267,-0.5949021425369727,-0.015740127149506657,-0.9874203275040266
2582,Rattus rattus,Mandena,agriculture,3,33,-1.421159698847533,-1.8655332705965477,0,-0.211173053661267,1.61,-0.378954908560514,-0.5421143695934725,-0.12814309791787798,-0.7588612567093554
2583,Rattus rattus,Mandena,agriculture,3,62,-0.614023567358685,0.24304961841922415,0,-0.9766467182007482,1.61,-1.0942202530215552,-0.5529065039168992,3.7170563133110437,-0.11102382177499728
2584,Rattus rattus,Mandena,agriculture,3,145,1.6960557055231902,0.6236540209187589,1,1.345301490838819,1.61,-1.5788005788569488,-1.2690224826582233,0.7924196671373348,2.202860122677198
2586,Rattus rattus,Mandena,agriculture,3,132,1.334236060373017,0.9925456411273541,1,0.5284253271869591,1.61,0.2835162229291042,0.6479971253935973,0.3845281105550247,-0.4323470654115083
2587,Rattus rattus,Mandena,agriculture,3,60.5,-0.6557719879529358,0.6236540209187589,1,-1.5773054841583936,1.61,0.19318382708250545,0.4422610231368645,0.05659711155646763,0.3425132166229994
2588,Rattus rattus,Mandena,agriculture,3,23,-1.6994825028092049,-2.335712424003131,1,-0.7773939795863675,1.61,1.150052941793781,1.1415780575425376,-0.9827927320336186,-0.19134913995469288
2589,Rattus rattus,Mandena,agriculture,3,57,-0.753184969339521,0.24304961841922415,0,-1.2577868739527902,1.61,0.1502426016401753,-0.41453059645554385,0.20112590829063498,0.1305019102746824
2590,Microgale brevicaudata,Mandena,agriculture,3,12,0.9912234703650812,-1.929711741070867,0,1.2767542562830112,1.61,2.041753850157398,2.0135450482134067,0.3322120802549952,0.2712985945494991
2592,Microgale brevicaudata,Mandena,flooded_rice,3,10,0.02691104444430056,-1.929711741070867,1,0.4496670631304708,1.12,2.031340786851712,2.094207072174688,0.5407925893406985,0.572704370205152
2595,Rattus rattus,Mandena,flooded_rice,3,56,-0.7810172497356881,0.6236540209187589,1,-1.835737783915909,1.19,0.22919013544962394,-0.2968511676423299,0.1632465344009847,1.0931761084154639
2596,Rattus rattus,Mandena,flooded_rice,3,65,-0.5305267261701836,0.24304961841922415,0,-0.8186520594947545,1.19,1.1517733065769278,0.558202574983342,-0.2571263598442611,0.8944893942334973
2597,Rattus rattus,Mandena,flooded_rice,3,50,-0.9480109321126912,-0.5564486945961132,0,-0.6061621703469839,1.19,-1.7385837450495174,-1.1264761479129817,0.1830903731804433,1.6530208446843027
2600,Rattus rattus,Mandena,flooded_rice,3,33,-1.421159698847533,-2.335712424003131,1,0.42968957725643797,1.19,-0.5047469911368938,-0.25937711077854675,0.8318967472386632,0.9949589386627093
2601,Rattus rattus,Mandena,flooded_rice,3,46,-1.0593400536973598,-0.5564486945961132,0,-0.8849567643352493,1.19,0.826524706643575,1.341684289650132,-0.24635048781443433,-0.5135193417963582
2602,Rattus rattus,Mandena,flooded_rice,3,61,-0.6418558477548523,0.24304961841922415,1,-1.0310153658218253,1.19,0.6736192784527517,-0.28554644737537943,-0.11629967669358254,0.397923570546042
2603,Rattus rattus,Mandena,flooded_rice,3,58,-0.7253526889433538,0.24304961841922415,1,-1.1996358750718727,1.19,1.0730797892316841,0.4502682809112979,-0.5423169988814192,0.08660754452640577
2604,Rattus rattus,Mandena,flooded_rice,3,118,0.9445841348266766,0.6236540209187589,1,0.6563560397637542,1.19,0.1804970880695675,-0.20160923057125127,-0.4976121558920069,-0.4773426387811664
2605,Rattus rattus,Mandena,flooded_rice,3,118,0.9445841348266766,0.24304961841922415,0,1.175126676355099,1.19,-1.1297665842788598,-0.8241282064079773,-0.6844293096231359,-0.34062913632272446
2606,Rattus rattus,Mandena,flooded_rice,3,120,1.0002486956190109,0.6236540209187589,0,0.7125522895932965,1.19,0.19661346948238334,-0.2772430062399554,-1.0960446608962626,-0.022107889944695727
2609,Rattus rattus,Mandena,flooded_rice,3,76,-0.22437164181234465,0.9925456411273541,0,-1.3174701672082432,1.19,0.5449838329946688,0.2619752444998896,-0.8793634256967481,-0.07247545134491373
2610,Rattus rattus,Mandena,flooded_rice,3,58,-0.7253526889433538,-0.15003581771277408,1,-0.6638533654693137,1.19,0.13477051926892022,-0.11084858366214831,-0.5122242348338767,-0.7001890647068004
2611,Rattus rattus,Mandena,flooded_rice,3,60,-0.6696881281510194,0.24304961841922415,1,-1.0862827093647616,1.19,0.5661120161348014,1.459479588095895,1.2899595053892483,-1.583798578004479
2612,Rattus rattus,Mandena,flooded_rice,3,45,-1.087172334093527,-0.5564486945961132,0,-0.9584453963361744,1.19,0.7002323865239434,0.42600600641372893,-0.8565133145772517,0.3421539600290891
2613,Rattus rattus,Mandena,flooded_rice,3,35.5,-1.351578997857115,-1.8655332705965477,1,0.03299365319966935,1.19,0.9933919325384077,0.3644020424340675,0.32974020377482477,0.7656340845015422
2614,Rattus rattus,Mandena,flooded_rice,3,32,-1.4489919792437003,-2.335712424003131,0,0.32680151604603347,1.19,1.303398506695912,1.4042047116365128,-0.9408018657738416,0.08226511176861591
2615,Rattus rattus,Mandena,flooded_rice,3,28,-1.5603211008283688,-2.335712424003131,0,-0.11967380225411756,1.19,1.0040331074564348,0.6278294123254821,-0.7960913244598549,0.23190469989292772
2616,Rattus rattus,Mandena,flooded_rice,3,132,1.334236060373017,0.9925456411273541,1,0.5284253271869591,1.19,0.6044729551224887,-0.009247618166692985,-0.28414335051442374,0.776966093521543
2617,Rattus rattus,Mandena,flooded_rice,3,67,-0.4748621653778492,0.24304961841922415,0,-0.7173231487705849,1.19,0.8504431318808922,1.0724263588508454,-0.26705350108031806,-0.6123371940960929
2618,Rattus rattus,Mandena,flooded_rice,3,127,1.1950746583921812,0.24304961841922415,0,1.4208893728201524,1.19,0.6616495443108453,0.9721876091470962,0.31307037742349625,-1.0478167576419313
2620,Rattus rattus,Mandena,flooded_rice,3,94,0.27660940531866446,0.9925456411273541,1,-0.6067501215118832,1.19,0.17786894487715038,0.18004673792138703,-0.604129669810909,-0.5879400733947598
2621,Rattus rattus,Mandena,flooded_rice,3,79,-0.14087480062384314,0.6236540209187589,0,-0.6852184916690921,1.19,0.9944017166990226,0.7951145565282757,-0.9254084943177499,-0.21970463958279754
2622,Rattus rattus,Mandena,flooded_rice,3,104,0.5549322092803362,0.24304961841922415,1,0.7528512091020148,1.19,0.8876707660309191,0.7087690996282865,-0.766247326191018,-0.5560414670830229
2623,Rattus rattus,Mandena,flooded_rice,3,80,-0.11304252022767597,-0.15003581771277408,0,0.4113930475307765,1.19,-0.8434101535184066,-0.7962781555469549,-0.6465483260078668,-0.030975485014933055
2624,Rattus rattus,Mandena,flooded_rice,3,53,-0.8645140909241896,-0.9771245496296741,0,0.16205438958829418,1.19,0.21013277473543399,0.3060876438229503,1.3604901603142427,-1.4238353723461346
2625,Microgale brevicaudata,Mandena,flooded_rice,3,12.5,1.2323015768452763,-0.2447183874705896,0,1.184861939305184,1.12,-1.0947943507631757,-0.46662561427530175,-0.3296338191074671,-1.4808588869494212
2626,Microgale brevicaudata,Mandena,flooded_rice,3,9.6,-0.16595144073985574,-0.2447183874705896,1,-0.012596694946918834,1.15,-0.21723345955686635,0.6987636876562697,0.41270558922225353,-1.6952058557560044
2630,Rattus rattus,Mandena,flooded_rice,3,65,-0.5305267261701836,0.6236540209187589,1,-1.3374226960860993,1.19,1.117887444527743,1.205081071549228,-0.07129499662321431,-0.5125356160992383
2631,Rattus rattus,Mandena,flooded_rice,3,39,-1.25416601647053,-0.9771245496296741,0,-0.8635283673056091,1.19,-0.5313624606655203,-0.4909329554264588,1.4435799767269644,-1.2734263101647851
2632,Rattus rattus,Mandena,flooded_rice,3,118,0.9445841348266766,0.24304961841922415,1,1.175126676355099,1.19,0.9137321814093904,0.915327442858787,-1.0820286438883193,-0.01648176214428973
2633,Rattus rattus,Mandena,flooded_rice,3,50,-0.9480109321126912,-0.9771245496296741,0,-0.03277342423379227,1.19,-0.17424672989136739,-0.6274610196393122,-0.5406259973281037,-0.42295971320741965
2634,Rattus rattus,Mandena,flooded_rice,3,86,0.053951162149327075,0.6236540209187589,1,-0.4013488678820952,1.19,-0.5175530499925024,0.41615837524582844,0.7156035852790954,0.5631085802569309
2635,Microgale brevicaudata,Mandena,flooded_rice,3,9.2,-0.358813925924012,-0.2447183874705896,0,-0.20566498950452453,1.12,1.8939326646049626,1.2013054805651104,0.9659232666016547,-2.3118857660505063
2637,Microgale brevicaudata,Mandena,flooded_rice,3,12.5,1.2323015768452763,-0.2447183874705896,1,1.184861939305184,1.15,0.30048912458463906,-0.8703876348754377,-0.9711864770623622,0.7278404921438072
2642,Rattus rattus,Mandena,flooded_rice,3,43,-1.1428368948858614,-0.9771245496296741,0,-0.5370645604053939,1.19,0.9826954078240491,1.374595943421118,-0.447169130703029,-0.24912196651103513
2643,Rattus rattus,Mandena,flooded_rice,3,152,1.8908816682963605,0.9925456411273541,1,1.0001354683411599,1.19,0.8071984604956806,0.5078546096914001,-0.6051702459770959,-0.559009855484292
2644,Rattus rattus,Mandena,flooded_rice,3,45,-1.087172334093527,-0.15003581771277408,1,-1.5123934470551816,1.19,0.43278466736413507,0.14916696357985726,-0.5313246847704072,-0.6973513476168003
2645,Rattus rattus,Mandena,flooded_rice,3,130,1.2785714995806827,0.6236540209187589,1,0.9801829394633037,1.19,-1.592476357886274,-1.26804731460275,0.3327168176006689,1.267687054585327
2646,Rattus rattus,Mandena,flooded_rice,3,142,1.6125588643346886,0.9925456411273541,1,0.7725920340478969,1.19,0.7851706613780808,1.108379408697595,-0.6000206710143416,-0.3994498933307163
2649,Microgale brevicaudata,Mandena,secondary_forest,3,11.5,0.7501453638848861,-0.2447183874705896,1,0.806607924197797,2.78,-0.21333766882197083,-1.040970171589324,-0.8805238408731274,0.3446603538632888
2650,Rattus rattus,Mandena,secondary_forest,3,65,-0.5305267261701836,-0.15003581771277408,1,-0.2828695498921954,2.78,0.7293410357267689,0.3662544100997158,-0.04957544924310153,0.5826909696261822
2651,Rattus rattus,Mandena,secondary_forest,3,36,-1.3376628576590315,-1.8655332705965477,0,0.07975802609177172,2.78,1.1028636163501047,0.32236001105095513,-0.19424762024134132,1.353193539558463
2652,Rattus rattus,Mandena,secondary_forest,3,168,2.3361981546350354,0.9925456411273541,1,1.3347743359328275,2.78,-1.1835296630415606,-0.3296658304738005,-0.6711496707646283,-0.3442944589226748
2654,Microgale brevicaudata,Mandena,secondary_forest,3,11.5,0.7501453638848861,-0.2447183874705896,1,0.806607924197797,2.78,0.3947363219452307,-0.12567670220279972,-0.10396380241826154,0.9118194598875334
2655,Microgale brevicaudata,Mandena,secondary_forest,3,11,0.5090672574046908,-0.2447183874705896,1,0.6049560505417192,2.78,-0.5627210288489372,-0.8006521524787353,-0.6017247988086046,-0.39033564630266965
2656,Microgale brevicaudata,Mandena,secondary_forest,3,10,0.02691104444430056,-0.2447183874705896,1,0.17258902560286235,2.78,0.46485972644080764,0.5626412784559665,-0.659505564710319,0.44838592236690045
2659,Rattus rattus,Mandena,secondary_forest,3,57,-0.753184969339521,0.24304961841922415,1,-1.2577868739527902,2.78,1.0537434081763188,0.7161216526330856,-0.3587633731492108,-0.6929294999354999
2660,Rattus rattus,Mandena,secondary_forest,3,93,0.2487771249224973,-0.15003581771277408,0,0.9148481796582346,2.78,0.860918551071774,0.5171641123421653,-0.4061416158171341,0.2111224622941971
2661,Rattus rattus,Mandena,secondary_forest,3,112,0.7775904524496735,0.24304961841922415,0,1.0006384882248358,2.78,0.8996279915331875,0.37902350041352667,-0.7808425905383758,0.11788065375449205
2662,Rattus rattus,Mandena,secondary_forest,3,140,1.5568943035423544,0.9925456411273541,1,0.7251643146290372,2.78,-0.0658856331293755,0.9441894082403752,0.07251620173558311,0.3034737638649972
2663,Microgale brevicaudata,Mandena,secondary_forest,3,12,0.9912234703650812,-0.2447183874705896,1,0.9996762187554028,2.78,0.978625714144464,-0.23661675354806255,-0.9407787566752832,0.5100009066325041
2664,Microgale brevicaudata,Mandena,secondary_forest,3,8.4,-0.7445388962923237,-0.2447183874705896,0,-0.6183512017953842,2.78,-0.5783490867691442,0.3080729258960621,-0.8604636983154078,-0.7292367270672168
2666,Rattus rattus,Mandena,secondary_forest,3,57,-0.753184969339521,-0.5564486945961132,0,-0.16805631363122378,2.78,0.4376462254603641,1.2841578275300025,0.04950176537339984,-0.5414818291342463
2667,Rattus rattus,Mandena,secondary_forest,3,49,-0.9758432125088583,-0.15003581771277408,0,-1.2276599560221577,2.78,-0.5213677406894156,-0.79728657973921635,-0.626308766989304,-0.4570255041510755
2668,Rattus rattus,Mandena,secondary_forest,3,60,-0.6696881281510194,-0.15003581771277408,0,-0.5505001997622027,2.78,-1.1145189306879972,-0.43577367236736253,-0.6211299855592676,-0.0077305576032761884
2670,Rattus rattus,Mandena,secondary_forest,3,26.5,-1.6020695214226197,-1.8655332705965477,0,-0.9446342026937206,2.78,-0.1972627486548525,0.4948796015915814,-0.5864820242736922,-0.33123719063400675
2671,Rattus rattus,Mandena,secondary_forest,3,118,0.9445841348266766,1.3504239103352331,1,-0.3342443729271277,2.78,0.7322523485412493,0.445436673884425,-0.08933885816543517,-0.9309189675955409
2672,Rattus rattus,Mandena,secondary_forest,3,102,0.4992676484880018,0.9925456411273541,1,-0.333651607533476,2.78,1.0709854034739223,1.0150993564737356,-0.6327576593359799,-0.3021599855002912
2673,Rattus rattus,Mandena,secondary_forest,3,154,1.9465462290886948,0.9925456411273541,1,1.0438432561797901,2.78,-0.0031214899637483397,0.6901862090219308,1.2581270860084988,-1.3090300720349703
2674,Rattus rattus,Mandena,secondary_forest,3,126,1.167242377996014,0.6236540209187589,0,0.8756869925969357,2.78,0.18410664260843912,0.9605066235584249,-0.7615271569164294,-0.5054223089363291
2675,Rattus rattus,Mandena,secondary_forest,3,98,0.38793852690333314,0.6236540209187589,1,0.03539253333334289,2.78,0.7064834686810267,0.9655456698764326,-0.6315579155531672,0.25926986151504916
2676,Rattus rattus,Mandena,secondary_forest,3,112,0.7775904524496735,0.6236540209187589,1,0.48186785163349094,2.78,0.12885522249425538,0.5635417507738782,0.10553546328187971,-1.0523828779325082
2677,Microgale brevicaudata,Mandena,semi-intact_forest,3,9,-0.45524516851608976,-0.2447183874705896,0,-0.30537054591954027,3.34,-0.49570011876184267,-0.7709821547651468,-0.5572826606282453,0.917513355882641
2678,Microgale brevicaudata,Mandena,semi-intact_forest,3,10,0.02691104444430056,-0.2447183874705896,0,0.17258902560286235,3.34,-0.08265627263098553,-0.6334948101889637,-0.25749142486254867,0.8012358139767862
2681,Microgale brevicaudata,Mandena,semi-intact_forest,3,9.4,-0.2623826833319335,-0.2447183874705896,1,-0.10810380571279382,3.49,1.4177817661713428,1.6891860666141076,1.2667354009888399,0.20534745110422534
2682,Microgale brevicaudata,Mandena,semi-intact_forest,3,11.5,0.7501453638848861,-0.2447183874705896,1,0.806607924197797,3.49,-0.7217701017173268,-0.7904602648794097,0.1996693915613421,-0.12936137539922188
2683,Rattus rattus,Mandena,semi-intact_forest,3,29,-1.5324888204322018,-1.8655332705965477,0,-0.643205160919128,3.44,0.040443738357533274,0.248265710308212,-0.5404251591586595,0.6849235645637521
2684,Rattus rattus,Mandena,semi-intact_forest,3,28,-1.5603211008283688,-1.8655332705965477,0,-0.7605364331718225,3.44,0.4279261669756429,0.20483018829478802,-0.5698781618758006,0.9465623696728686
2685,Rattus rattus,Mandena,semi-intact_forest,3,29,-1.5324888204322018,-1.4131010215726132,1,-1.2598784424135194,3.44,-0.1181713207614137,0.26239825500355274,-0.6028956255718589,-0.3795988377333359
2688,Microgale brevicaudata,Mandena,semi-intact_forest,3,8.5,-0.6963232749962849,-0.2447183874705896,1,-0.5646651290683725,3.49,-0.7025497220364464,-0.06837798045707176,0.19011996184572816,0.31608958419125827
2689,Microgale brevicaudata,Mandena,semi-intact_forest,3,10,0.02691104444430056,-0.2447183874705896,1,0.17258902560286235,3.34,-0.2577901454479681,0.09608446906846048,1.512227878628833,0.9711736328330983
2691,Rattus rattus,Mandena,semi-intact_forest,3,68,-0.44702988498168206,0.24304961841922415,0,-0.6677874552414648,3.44,-1.755001930420566,-0.3254968133110638,-0.16641328898802799,0.27634311826041746
2693,Microgale brevicaudata,Mandena,semi-intact_forest,3,9.4,-0.2623826833319335,-0.2447183874705896,1,-0.10810380571279382,3.49,-0.2159902714395781,-0.38492617749763647,0.6843196318736628,0.9486201812632172
2694,Rattus rattus,Mandena,agroforest,3,35,-1.3654951380551987,-1.8655332705965477,1,-0.014434066219188874,0.45,-0.9553541934118481,-0.48703912128968385,-0.48134717529326015,0.13404827365660207
2695,Rattus rattus,Mandena,agroforest,3,68,-0.44702988498168206,0.6236540209187589,1,-1.1865580918328096,0.45,-0.5806771604974884,-0.01642796485997091,-0.7032216320503868,0.21623244053916604
2696,Rattus rattus,Mandena,agroforest,3,86,0.053951162149327075,0.24304961841922415,0,0.11742176870924961,0.45,-0.8011134490182036,0.2975654944566683,-0.28835110442587786,0.6629747260617588
2703,Rattus rattus,Mandena,agroforest,3,95,0.3044416857148316,-0.5564486945961132,0,1.5399393006143889,0.45,0.45859604748008487,-0.2521279118571023,0.1457797408501778,-1.063711729201657
2704,Rattus rattus,Mandena,agroforest,3,38,-1.2819982968666972,-0.9771245496296741,0,-0.9503799557744559,0.45,1.154510004702793,1.2131230196405387,-0.4342521280496411,0.1091308767529281
2705,Rattus rattus,Mandena,agroforest,3,65,-0.5305267261701836,-0.5564486945961132,0,0.27107850082681184,0.45,-1.5568954917931643,-2.4777687847688767,3.2849428446875466,1.923570280856168
2706,Rattus rattus,Mandena,agroforest,3,51.5,-0.9062625115184404,-0.15003581771277408,0,-1.0612774643637957,0.45,-0.9148742692671478,-0.32136032472497805,3.366253505536297,1.803030487770912
2707,Rattus rattus,Mandena,agroforest,3,72,-0.3357007633970133,0.24304961841922415,0,-0.47667268806097146,0.45,-1.2736869367678492,-2.506217551684106,1.2838422000956078,2.8129938684565685
2708,Rattus rattus,Mandena,agroforest,3,106,0.6105967700726705,0.24304961841922415,0,0.8165407187029374,0.45,-1.8847127165408089,-2.1659632355665344,1.5716380421965541,2.7753234789936156
2709,Rattus rattus,Mandena,agroforest,3,116,0.8889195740343423,0.24304961841922415,1,1.1179697604775303,0.45,-1.7498630240030406,-2.1136464154636254,2.862166395342427,2.242701212083788
2710,Rattus rattus,Mandena,agroforest,3,100,0.4436030876956675,0.24304961841922415,1,0.6217129048808541,0.45,-1.1466731477466268,-2.149255046449829,2.3116815084277498,2.410409687544396
2711,Rattus rattus,Mandena,agroforest,3,73.5,-0.2939523428027626,-0.15003581771277408,0,0.12805243223426466,0.45,-1.4629568391010013,-2.3782151935506888,2.3845430329073873,2.481508165319483
2712,Rattus rattus,Mandena,agroforest,3,82,-0.057377959435341616,-0.5564486945961132,0,1.047903272202009,0.45,-1.1988675452646536,-2.3838315813377116,2.949311710984515,2.36959907798451
2717,Rattus rattus,Mandena,agroforest,3,63.5,-0.5722751467644344,-0.5564486945961132,1,0.1930142975923157,0.45,-3.367917254403256,-2.514948037650841,1.19117216977664,2.98084597589673
2718,Rattus rattus,Mandena,agroforest,3,93,0.2487771249224973,-0.15003581771277408,1,0.9148481796582346,0.45,-0.3163013108417543,-1.9968868088987723,2.025271930224172,2.644008152616293
2719,Rattus rattus,Mandena,agroforest,3,64,-0.5583590065663507,-0.9771245496296741,0,0.7926274774103418,0.45,-1.6290171077889404,-1.6649000722858458,2.1802394980264914,2.6200564712320022
2720,Rattus rattus,Mandena,agroforest,3,105,0.5827644896765034,0.6236540209187589,1,0.2660769712931455,0.45,-2.2574775709487183,-1.864527550664635,1.2218762126424776,2.9472387692809265
2722,Rattus rattus,Mandena,agroforest,3,115,0.861087293638175,0.6236540209187589,1,0.5702500412538761,0.45,0.47208179196042915,0.050975633152502364,0.06138877163936802,1.0443371954866065
2723,Rattus rattus,Mandena,agroforest,3,71,-0.3635330437931805,-0.15003581771277408,0,0.0123454486494852,0.45,-1.7549756958526663,-0.9122175621380355,-0.13462119852313637,0.1742729536786329
2724,Rattus rattus,Mandena,agroforest,3,61,-0.6418558477548523,0.24304961841922415,1,-1.0310153658218253,0.45,-0.39568692899079694,-0.7689574093644077,-0.47496283866681854,-0.6986052648153431
2725,Rattus rattus,Mandena,agroforest,3,64,-0.5583590065663507,-0.5564486945961132,0,0.21923873129715016,0.45,-0.13758066762288476,-0.42512130043062885,-0.7179800549722598,-0.3621047971245489
2726,Rattus rattus,Mandena,agroforest,3,98,0.38793852690333314,-0.15003581771277408,1,1.0899456795272466,0.45,1.1368188008215128,0.4931957752590736,-0.4048448810190191,-0.2584528010546898
2727,Microgale brevicaudata,Mandena,agroforest,3,9.4,-0.2623826833319335,-0.2447183874705896,0,-0.10810380571279382,0.49,0.10401204246005119,-0.6430681441851664,-0.39585870493047604,0.9177366792553827
2729,Microgale brevicaudata,Mandena,agroforest,3,9,-0.45524516851608976,-0.2447183874705896,0,-0.30537054591954027,0.4,-0.5479423423999492,-0.31159560122259694,-0.7983605070806008,0.08313116284927313
2733,Rattus rattus,Mandena,agroforest,3,35,-1.3654951380551987,-2.335712424003131,1,0.6264285646985162,0.45,-0.7128001327842572,-1.4154278101866897,0.843671455854009,0.7577897931236538
2736,Rattus rattus,Mandena,village,3,82,-0.057377959435341616,0.6236540209187589,1,-0.5605979247109022,0,0.7030990857577718,0.33828755531734556,-0.08823184722200242,-0.9299874350598581
2737,Rattus rattus,Mandena,village,3,73,-0.3078684830008462,0.24304961841922415,0,-0.43055336159840824,0,0.9654736328979499,-0.05545272192691979,0.5551034548460544,1.6215881606984037
2738,Rattus rattus,Mandena,village,3,88,0.10961572294166141,-0.15003581771277408,1,0.7300719890815294,0,0.015477607214187741,-1.615002362463883,1.118697474843482,1.368950683089982
2739,Rattus rattus,Mandena,village,3,73.5,-0.2939523428027626,-0.5564486945961132,0,0.682000482953272,0,0.335551281854417,0.517794211945739,-0.18350665161145585,-0.4056066075157367
2740,Rattus rattus,Mandena,village,3,57.5,-0.7392688291414373,-0.15003581771277408,0,-0.6928024481016231,0,-1.9382283241993878,-0.3508788812752361,0.18338522311955346,0.6009176345820535
2741,Rattus rattus,Mandena,village,3,108,0.6662613308650048,0.6236540209187589,1,0.36026906360410765,0,-0.7685437588580785,-0.21855745438612753,0.04099237602767143,0.9717887479972682
2742,Rattus rattus,Mandena,agroforest,3,54,-0.8366818105280225,-0.5564486945961132,0,-0.3488353750323842,0.45,-2.672012357970384,-1.0856486536528671,1.064995806808879,0.8294145919008009
2743,Rattus rattus,Mandena,agroforest,3,70,-0.39136532418934766,0.24304961841922415,0,-0.5708647803719306,0.45,-2.78547428558813,-2.2072649346338333,0.639009780177555,0.6755433106201637
2744,Rattus rattus,Mandena,agroforest,3,128,1.2229069387883482,0.9925456411273541,1,0.42553726597655456,0.45,-1.537927955942956,-1.5052326529219577,1.8678025778442067,1.8279162323941043
2745,Rattus rattus,Mandena,agroforest,3,95,0.3044416857148316,0.6236540209187589,1,-0.06856189629852215,0.45,1.2785718957701149,0.8331567781579751,0.030490474415834985,0.7835039008638685
2746,Rattus rattus,Mandena,agroforest,3,82,-0.057377959435341616,0.24304961841922415,1,-0.04182728811955738,0.45,-0.1855562497620907,0.2848634140800447,0.7979372783765203,-1.267694153661921
2747,Rattus rattus,Mandena,agroforest,3,132,1.334236060373017,0.24304961841922415,1,1.5500018677353913,0.45,-1.2898495924257194,-2.3012923394828095,0.9360416748996693,2.969221381607898
2748,Rattus rattus,Mandena,agroforest,3,71,-0.3635330437931805,0.6236540209187589,1,-1.0422076975444186,0.45,0.27675198283490754,-0.4144462792304705,-0.46949281468173903,0.013828479021456298
2749,Rattus rattus,Mandena,agroforest,3,71,-0.3635330437931805,-0.5564486945961132,1,0.5662934993684925,0.45,-0.3323440342497748,0.23250865303027324,0.5965863403033093,-1.016302523372618
2751,Rattus rattus,Mandena,village,3,105,0.5827644896765034,-0.15003581771277408,1,1.3206301174870494,0,0.15586256638336843,1.2432653594318015,-0.41722674566868967,0.07741798935199898
2754,Rattus rattus,Mandena,agroforest,3,132,1.334236060373017,0.9925456411273541,0,0.5284253271869591,0.45,0.8981909283595714,1.002473778176821,-0.35848280473528177,-0.3379928615239043
2755,Rattus rattus,Mandena,agroforest,3,77,-0.19653936141617748,-0.5564486945961132,0,0.8375447215003857,0.45,-2.7181255877293236,-2.4812758482927535,1.15184506819023,2.9578043904674285
2756,Rattus rattus,Mandena,agroforest,3,114,0.8332550132420079,-0.15003581771277408,1,1.5956012711991718,0.45,0.6529213730015934,0.2411866147688022,-0.35051116537375426,-0.7517582364506268
2757,Rattus rattus,Mandena,agroforest,3,85,0.0261188817531599,0.6236540209187589,1,-0.4404557248801758,0.45,0.9947446856714156,0.2516599543383665,-0.6281382295386454,0.32200498235816705
2758,Rattus rattus,Mandena,agroforest,3,114,0.8332550132420079,0.24304961841922415,0,1.0598187615966128,0.45,-1.015268631525454,0.28978034301546335,-0.7121748809151234,-0.25811830279915315
2759,Rattus rattus,Mandena,agroforest,3,110,0.7219258916573392,-0.15003581771277408,0,1.4761743560341631,0.45,0.647681160623071,0.4092787300931844,-0.9495843904698008,-0.44421325691218355
2761,Microgale brevicaudata,Mandena,agroforest,3,9.8,-0.06952019814777716,-0.2447183874705896,0,0.08094105603109554,0.4,0.020053604511540604,0.2815547555410142,-0.8439214493274979,0.306174856674035
2762,Rattus rattus,Mandena,village,3,77,-0.19653936141617748,-0.5564486945961132,1,0.8375447215003857,0,0.6781895456290978,-0.09113784251782737,-0.7700157997815112,-0.301895244214156
2764,Rattus rattus,Mandena,village,3,21,-1.7551470636015392,0.6236540209187589,1,-5.1152366667582925,0,-0.615718422291677,-1.0899676074602938,-0.1151208769683568,-0.9771390707119977
2765,Rattus rattus,Mandena,agroforest,3,65,-0.5305267261701836,-0.9771245496296741,0,0.8444672469400036,0.45,0.9981709002725285,1.5286032362923483,-0.35262519512490714,-0.4917510948752173
2766,Rattus rattus,Mandena,agroforest,3,100,0.4436030876956675,0.24304961841922415,1,0.6217129048808541,0.45,0.7015566032397164,0.38192663422200007,-1.0514548438835243,-0.45045199632461863
2767,Microgale brevicaudata,Mandena,agroforest,3,8.4,-0.7445388962923237,-0.2447183874705896,0,-0.6183512017953842,0.4,-1.1197024276772547,-0.833951852360977,0.10766212791550735,-1.33486518050309
2769,Rattus rattus,Mandena,agroforest,3,69,-0.41919760458551486,0.24304961841922415,0,-0.6189749364003918,0.45,1.3034293082357995,0.8985909884985358,-0.5160179816853074,-0.13289219284727136
2770,Rattus rattus,Mandena,agroforest,3,70,-0.39136532418934766,0.24304961841922415,1,-0.5708647803719306,0.45,0.3101477657940841,0.06353627191759521,-0.29140112282805253,0.5978305608591457
