host_ID,host_species,site,village,grid,season
2006,Microgale brevicaudata,Mandena_brushy_regrowth,Mandena,brushy_regrowth,1
2007,Microgale brevicaudata,Mandena_brushy_regrowth,Mandena,brushy_regrowth,1
2010,Rattus rattus,Mandena_brushy_regrowth,Mandena,brushy_regrowth,1
2011,Rattus rattus,Mandena_brushy_regrowth,Mandena,brushy_regrowth,1
2013,Rattus rattus,Mandena_brushy_regrowth,Mandena,brushy_regrowth,1
2014,Rattus rattus,Mandena_brushy_regrowth,Mandena,brushy_regrowth,1
2015,Rattus rattus,Mandena_brushy_regrowth,Mandena,brushy_regrowth,1
2016,Rattus rattus,Mandena_brushy_regrowth,Mandena,brushy_regrowth,1
2017,Rattus rattus,Mandena_brushy_regrowth,Mandena,brushy_regrowth,1
2018,Rattus rattus,Mandena_brushy_regrowth,Mandena,brushy_regrowth,1
2019,Rattus rattus,Mandena_brushy_regrowth,Mandena,brushy_regrowth,1
2020,Rattus rattus,Mandena_brushy_regrowth,Mandena,brushy_regrowth,1
2021,Microgale brevicaudata,Mandena_brushy_regrowth,Mandena,brushy_regrowth,1
2023,Rattus rattus,Mandena_brushy_regrowth,Mandena,brushy_regrowth,1
2024,Rattus rattus,Mandena_brushy_regrowth,Mandena,brushy_regrowth,1
2025,Rattus rattus,Mandena_brushy_regrowth,Mandena,brushy_regrowth,1
2026,Microgale brevicaudata,Mandena_brushy_regrowth,Mandena,brushy_regrowth,1
2027,Microgale brevicaudata,Mandena_brushy_regrowth,Mandena,brushy_regrowth,1
2028,Microgale brevicaudata,Mandena_brushy_regrowth,Mandena,brushy_regrowth,1
2029,Rattus rattus,Mandena_brushy_regrowth,Mandena,brushy_regrowth,1
2030,Rattus rattus,Mandena_brushy_regrowth,Mandena,brushy_regrowth,1
2031,Rattus rattus,Mandena_brushy_regrowth,Mandena,brushy_regrowth,1
2032,Rattus rattus,Mandena_brushy_regrowth,Mandena,brushy_regrowth,1
2033,Microgale brevicaudata,Mandena_brushy_regrowth,Mandena,brushy_regrowth,1
2034,Microgale brevicaudata,Mandena_brushy_regrowth,Mandena,brushy_regrowth,1
2035,Microgale brevicaudata,Mandena_brushy_regrowth,Mandena,brushy_regrowth,1
2036,Microgale brevicaudata,Mandena_brushy_regrowth,Mandena,brushy_regrowth,1
2037,Rattus rattus,Mandena_brushy_regrowth,Mandena,brushy_regrowth,1
2038,Rattus rattus,Mandena_brushy_regrowth,Mandena,brushy_regrowth,1
2039,Rattus rattus,Mandena_brushy_regrowth,Mandena,brushy_regrowth,1
2040,Rattus rattus,Mandena_brushy_regrowth,Mandena,brushy_regrowth,1
2043,Microgale brevicaudata,Mandena_agriculture,Mandena,agriculture,1
2045,Microgale brevicaudata,Mandena_agriculture,Mandena,agriculture,1
2046,Microgale brevicaudata,Mandena_agriculture,Mandena,agriculture,1
2047,Microgale brevicaudata,Mandena_agriculture,Mandena,agriculture,1
2053,Rattus rattus,Mandena_agriculture,Mandena,agriculture,1
2054,Rattus rattus,Mandena_agriculture,Mandena,agriculture,1
2055,Rattus rattus,Mandena_agriculture,Mandena,agriculture,1
2057,Microgale brevicaudata,Mandena_agriculture,Mandena,agriculture,1
2058,Microgale brevicaudata,Mandena_agriculture,Mandena,agriculture,1
2059,Rattus rattus,Mandena_agriculture,Mandena,agriculture,1
2062,Rattus rattus,Mandena_agriculture,Mandena,agriculture,1
2063,Rattus rattus,Mandena_agriculture,Mandena,agriculture,1
2064,Rattus rattus,Mandena_agriculture,Mandena,agriculture,1
2065,Rattus rattus,Mandena_agriculture,Mandena,agriculture,1
2066,Rattus rattus,Mandena_agriculture,Mandena,agriculture,1
2067,Rattus rattus,Mandena_agriculture,Mandena,agriculture,1
2069,Microgale brevicaudata,Mandena_agriculture,Mandena,agriculture,1
2077,Rattus rattus,Mandena_agriculture,Mandena,agriculture,1
2081,Microgale brevicaudata,Mandena_agriculture,Mandena,agriculture,1
2082,Microgale brevicaudata,Mandena_agriculture,Mandena,agriculture,1
2083,Microgale brevicaudata,Mandena_agriculture,Mandena,agriculture,1
2087,Rattus rattus,Mandena_agriculture,Mandena,agriculture,1
2091,Rattus rattus,Mandena_agriculture,Mandena,agriculture,1
2092,Rattus rattus,Mandena_agriculture,Mandena,agriculture,1
2093,Rattus rattus,Mandena_agriculture,Mandena,agriculture,1
2095,Rattus rattus,Mandena_agriculture,Mandena,agriculture,1
2096,Rattus rattus,Mandena_agriculture,Mandena,agriculture,1
2100,Rattus rattus,Mandena_agriculture,Mandena,agriculture,1
2101,Rattus rattus,Mandena_agriculture,Mandena,agriculture,1
2102,Rattus rattus,Mandena_agriculture,Mandena,agriculture,1
2103,Rattus rattus,Mandena_village,Mandena,village,1
2104,Rattus rattus,Mandena_village,Mandena,village,1
2105,Rattus rattus,Mandena_village,Mandena,village,1
2108,Microgale brevicaudata,Mandena_secondary_forest,Mandena,secondary_forest,1
2109,Microgale brevicaudata,Mandena_secondary_forest,Mandena,secondary_forest,1
2110,Microgale brevicaudata,Mandena_secondary_forest,Mandena,secondary_forest,1
2111,Microgale brevicaudata,Mandena_secondary_forest,Mandena,secondary_forest,1
2112,Rattus rattus,Mandena_secondary_forest,Mandena,secondary_forest,1
2114,Microgale brevicaudata,Mandena_secondary_forest,Mandena,secondary_forest,1
2115,Microgale brevicaudata,Mandena_secondary_forest,Mandena,secondary_forest,1
2116,Microgale brevicaudata,Mandena_secondary_forest,Mandena,secondary_forest,1
2117,Microgale brevicaudata,Mandena_secondary_forest,Mandena,secondary_forest,1
2120,Microgale brevicaudata,Mandena_secondary_forest,Mandena,secondary_forest,1
2122,Rattus rattus,Mandena_secondary_forest,Mandena,secondary_forest,1
2123,Rattus rattus,Mandena_secondary_forest,Mandena,secondary_forest,1
2124,Microgale brevicaudata,Mandena_secondary_forest,Mandena,secondary_forest,1
2125,Microgale brevicaudata,Mandena_secondary_forest,Mandena,secondary_forest,1
2126,Microgale brevicaudata,Mandena_secondary_forest,Mandena,secondary_forest,1
2127,Rattus rattus,Mandena_secondary_forest,Mandena,secondary_forest,1
2128,Rattus rattus,Mandena_secondary_forest,Mandena,secondary_forest,1
2129,Rattus rattus,Mandena_secondary_forest,Mandena,secondary_forest,1
2130,Rattus rattus,Mandena_secondary_forest,Mandena,secondary_forest,1
2131,Microgale brevicaudata,Mandena_secondary_forest,Mandena,secondary_forest,1
2132,Microgale brevicaudata,Mandena_semi-intact_forest,Mandena,semi-intact_forest,1
2133,Microgale brevicaudata,Mandena_semi-intact_forest,Mandena,semi-intact_forest,1
2137,Microgale brevicaudata,Mandena_semi-intact_forest,Mandena,semi-intact_forest,1
2138,Rattus rattus,Mandena_semi-intact_forest,Mandena,semi-intact_forest,1
2140,Rattus rattus,Mandena_semi-intact_forest,Mandena,semi-intact_forest,1
2142,Microgale brevicaudata,Mandena_semi-intact_forest,Mandena,semi-intact_forest,1
2143,Microgale brevicaudata,Mandena_semi-intact_forest,Mandena,semi-intact_forest,1
2144,Microgale brevicaudata,Mandena_semi-intact_forest,Mandena,semi-intact_forest,1
2145,Microgale brevicaudata,Mandena_flooded_rice,Mandena,flooded_rice,1
2147,Microgale brevicaudata,Mandena_flooded_rice,Mandena,flooded_rice,1
2148,Microgale brevicaudata,Mandena_flooded_rice,Mandena,flooded_rice,1
2150,Microgale brevicaudata,Mandena_flooded_rice,Mandena,flooded_rice,1
2152,Rattus rattus,Mandena_flooded_rice,Mandena,flooded_rice,1
2153,Rattus rattus,Mandena_flooded_rice,Mandena,flooded_rice,1
2154,Rattus rattus,Mandena_flooded_rice,Mandena,flooded_rice,1
2157,Microgale brevicaudata,Mandena_flooded_rice,Mandena,flooded_rice,1
2160,Rattus rattus,Mandena_flooded_rice,Mandena,flooded_rice,1
2161,Microgale brevicaudata,Mandena_flooded_rice,Mandena,flooded_rice,1
2162,Microgale brevicaudata,Mandena_flooded_rice,Mandena,flooded_rice,1
2163,Microgale brevicaudata,Mandena_flooded_rice,Mandena,flooded_rice,1
2165,Microgale brevicaudata,Mandena_flooded_rice,Mandena,flooded_rice,1
2169,Rattus rattus,Mandena_flooded_rice,Mandena,flooded_rice,1
2170,Microgale brevicaudata,Mandena_flooded_rice,Mandena,flooded_rice,1
2171,Microgale brevicaudata,Mandena_flooded_rice,Mandena,flooded_rice,1
2172,Microgale brevicaudata,Mandena_flooded_rice,Mandena,flooded_rice,1
2173,Microgale brevicaudata,Mandena_flooded_rice,Mandena,flooded_rice,1
2175,Rattus rattus,Mandena_flooded_rice,Mandena,flooded_rice,1
2176,Rattus rattus,Mandena_flooded_rice,Mandena,flooded_rice,1
2177,Rattus rattus,Mandena_flooded_rice,Mandena,flooded_rice,1
2178,Rattus rattus,Mandena_flooded_rice,Mandena,flooded_rice,1
2181,Rattus rattus,Mandena_flooded_rice,Mandena,flooded_rice,1
2182,Rattus rattus,Mandena_flooded_rice,Mandena,flooded_rice,1
2183,Rattus rattus,Mandena_flooded_rice,Mandena,flooded_rice,1
2186,Rattus rattus,Mandena_flooded_rice,Mandena,flooded_rice,1
2187,Rattus rattus,Mandena_flooded_rice,Mandena,flooded_rice,1
2188,Microgale brevicaudata,Mandena_agroforest,Mandena,agroforest,1
2195,Microgale brevicaudata,Mandena_agroforest,Mandena,agroforest,1
2196,Microgale brevicaudata,Mandena_agroforest,Mandena,agroforest,1
2197,Microgale brevicaudata,Mandena_agroforest,Mandena,agroforest,1
2200,Rattus rattus,Mandena_village,Mandena,village,1
2203,Rattus rattus,Mandena_village,Mandena,village,1
2204,Rattus rattus,Mandena_village,Mandena,village,1
2205,Rattus rattus,Mandena_village,Mandena,village,1
2206,Rattus rattus,Mandena_village,Mandena,village,1
2207,Rattus rattus,Mandena_agroforest,Mandena,agroforest,1
2208,Rattus rattus,Mandena_agroforest,Mandena,agroforest,1
2216,Rattus rattus,Mandena_agroforest,Mandena,agroforest,1
2217,Rattus rattus,Mandena_agroforest,Mandena,agroforest,1
2218,Rattus rattus,Mandena_agroforest,Mandena,agroforest,1
2220,Rattus rattus,Mandena_village,Mandena,village,1
2221,Rattus rattus,Mandena_village,Mandena,village,1
2222,Rattus rattus,Mandena_village,Mandena,village,1
2223,Rattus rattus,Mandena_village,Mandena,village,1
2227,Rattus rattus,Mandena_village,Mandena,village,1
2228,Rattus rattus,Mandena_agroforest,Mandena,agroforest,1
2229,Rattus rattus,Mandena_agroforest,Mandena,agroforest,1
2234,Microgale brevicaudata,Mandena_agroforest,Mandena,agroforest,1
2236,Rattus rattus,Mandena_village,Mandena,village,1
2241,Rattus rattus,Mandena_agroforest,Mandena,agroforest,1
2242,Rattus rattus,Mandena_agroforest,Mandena,agroforest,1
2243,Rattus rattus,Mandena_agroforest,Mandena,agroforest,1
2244,Microgale brevicaudata,Mandena_agroforest,Mandena,agroforest,1
2245,Microgale brevicaudata,Mandena_agroforest,Mandena,agroforest,1
2248,Rattus rattus,Mandena_agroforest,Mandena,agroforest,1
2249,Rattus rattus,Mandena_agroforest,Mandena,agroforest,1
2251,Rattus rattus,Mandena_agroforest,Mandena,agroforest,1
2254,Microgale brevicaudata,Mandena_brushy_regrowth,Mandena,brushy_regrowth,2
2255,Microgale brevicaudata,Mandena_brushy_regrowth,Mandena,brushy_regrowth,2
2256,Microgale brevicaudata,Mandena_brushy_regrowth,Mandena,brushy_regrowth,2
2257,Microgale brevicaudata,Mandena_brushy_regrowth,Mandena,brushy_regrowth,2
2261,Rattus rattus,Mandena_brushy_regrowth,Mandena,brushy_regrowth,2
2262,Rattus rattus,Mandena_brushy_regrowth,Mandena,brushy_regrowth,2
2263,Rattus rattus,Mandena_brushy_regrowth,Mandena,brushy_regrowth,2
2264,Microgale brevicaudata,Mandena_brushy_regrowth,Mandena,brushy_regrowth,2
2265,Microgale brevicaudata,Mandena_brushy_regrowth,Mandena,brushy_regrowth,2
2266,Microgale brevicaudata,Mandena_brushy_regrowth,Mandena,brushy_regrowth,2
2267,Microgale brevicaudata,Mandena_brushy_regrowth,Mandena,brushy_regrowth,2
2269,Rattus rattus,Mandena_brushy_regrowth,Mandena,brushy_regrowth,2
2270,Rattus rattus,Mandena_brushy_regrowth,Mandena,brushy_regrowth,2
2271,Microgale brevicaudata,Mandena_brushy_regrowth,Mandena,brushy_regrowth,2
2272,Microgale brevicaudata,Mandena_brushy_regrowth,Mandena,brushy_regrowth,2
2273,Microgale brevicaudata,Mandena_brushy_regrowth,Mandena,brushy_regrowth,2
2274,Microgale brevicaudata,Mandena_brushy_regrowth,Mandena,brushy_regrowth,2
2275,Microgale brevicaudata,Mandena_brushy_regrowth,Mandena,brushy_regrowth,2
2276,Microgale brevicaudata,Mandena_brushy_regrowth,Mandena,brushy_regrowth,2
2277,Rattus rattus,Mandena_brushy_regrowth,Mandena,brushy_regrowth,2
2278,Rattus rattus,Mandena_brushy_regrowth,Mandena,brushy_regrowth,2
2279,Microgale brevicaudata,Mandena_brushy_regrowth,Mandena,brushy_regrowth,2
2281,Microgale brevicaudata,Mandena_brushy_regrowth,Mandena,brushy_regrowth,2
2282,Microgale brevicaudata,Mandena_brushy_regrowth,Mandena,brushy_regrowth,2
2283,Microgale brevicaudata,Mandena_brushy_regrowth,Mandena,brushy_regrowth,2
2284,Microgale brevicaudata,Mandena_brushy_regrowth,Mandena,brushy_regrowth,2
2285,Microgale brevicaudata,Mandena_brushy_regrowth,Mandena,brushy_regrowth,2
2286,Microgale brevicaudata,Mandena_brushy_regrowth,Mandena,brushy_regrowth,2
2287,Rattus rattus,Mandena_brushy_regrowth,Mandena,brushy_regrowth,2
2289,Microgale brevicaudata,Mandena_brushy_regrowth,Mandena,brushy_regrowth,2
2291,Microgale brevicaudata,Mandena_agriculture,Mandena,agriculture,2
2293,Microgale brevicaudata,Mandena_agriculture,Mandena,agriculture,2
2294,Microgale brevicaudata,Mandena_agriculture,Mandena,agriculture,2
2295,Microgale brevicaudata,Mandena_agriculture,Mandena,agriculture,2
2296,Microgale brevicaudata,Mandena_agriculture,Mandena,agriculture,2
2302,Rattus rattus,Mandena_agriculture,Mandena,agriculture,2
2303,Rattus rattus,Mandena_agriculture,Mandena,agriculture,2
2304,Rattus rattus,Mandena_agriculture,Mandena,agriculture,2
2305,Microgale brevicaudata,Mandena_agriculture,Mandena,agriculture,2
2306,Microgale brevicaudata,Mandena_agriculture,Mandena,agriculture,2
2307,Microgale brevicaudata,Mandena_agriculture,Mandena,agriculture,2
2308,Microgale brevicaudata,Mandena_agriculture,Mandena,agriculture,2
2309,Microgale brevicaudata,Mandena_agriculture,Mandena,agriculture,2
2313,Rattus rattus,Mandena_agriculture,Mandena,agriculture,2
2314,Rattus rattus,Mandena_agriculture,Mandena,agriculture,2
2315,Rattus rattus,Mandena_agriculture,Mandena,agriculture,2
2318,Microgale brevicaudata,Mandena_agriculture,Mandena,agriculture,2
2319,Microgale brevicaudata,Mandena_agriculture,Mandena,agriculture,2
2324,Rattus rattus,Mandena_agriculture,Mandena,agriculture,2
2327,Microgale brevicaudata,Mandena_agriculture,Mandena,agriculture,2
2328,Rattus rattus,Mandena_agriculture,Mandena,agriculture,2
2329,Rattus rattus,Mandena_agriculture,Mandena,agriculture,2
2333,Microgale brevicaudata,Mandena_agriculture,Mandena,agriculture,2
2334,Microgale brevicaudata,Mandena_agriculture,Mandena,agriculture,2
2337,Rattus rattus,Mandena_agriculture,Mandena,agriculture,2
2338,Microgale brevicaudata,Mandena_agriculture,Mandena,agriculture,2
2339,Microgale brevicaudata,Mandena_agriculture,Mandena,agriculture,2
2341,Rattus rattus,Mandena_agriculture,Mandena,agriculture,2
2342,Rattus rattus,Mandena_agriculture,Mandena,agriculture,2
2343,Rattus rattus,Mandena_agriculture,Mandena,agriculture,2
2345,Microgale brevicaudata,Mandena_secondary_forest,Mandena,secondary_forest,2
2346,Microgale brevicaudata,Mandena_secondary_forest,Mandena,secondary_forest,2
2347,Microgale brevicaudata,Mandena_secondary_forest,Mandena,secondary_forest,2
2348,Microgale brevicaudata,Mandena_secondary_forest,Mandena,secondary_forest,2
2349,Microgale brevicaudata,Mandena_secondary_forest,Mandena,secondary_forest,2
2350,Microgale brevicaudata,Mandena_secondary_forest,Mandena,secondary_forest,2
2352,Microgale brevicaudata,Mandena_secondary_forest,Mandena,secondary_forest,2
2353,Rattus rattus,Mandena_secondary_forest,Mandena,secondary_forest,2
2354,Rattus rattus,Mandena_secondary_forest,Mandena,secondary_forest,2
2355,Microgale brevicaudata,Mandena_secondary_forest,Mandena,secondary_forest,2
2357,Rattus rattus,Mandena_secondary_forest,Mandena,secondary_forest,2
2359,Microgale brevicaudata,Mandena_secondary_forest,Mandena,secondary_forest,2
2361,Rattus rattus,Mandena_secondary_forest,Mandena,secondary_forest,2
2363,Microgale brevicaudata,Mandena_secondary_forest,Mandena,secondary_forest,2
2367,Rattus rattus,Mandena_secondary_forest,Mandena,secondary_forest,2
2368,Rattus rattus,Mandena_secondary_forest,Mandena,secondary_forest,2
2371,Microgale brevicaudata,Mandena_semi-intact_forest,Mandena,semi-intact_forest,2
2372,Microgale brevicaudata,Mandena_semi-intact_forest,Mandena,semi-intact_forest,2
2373,Microgale brevicaudata,Mandena_semi-intact_forest,Mandena,semi-intact_forest,2
2374,Microgale brevicaudata,Mandena_semi-intact_forest,Mandena,semi-intact_forest,2
2375,Microgale brevicaudata,Mandena_semi-intact_forest,Mandena,semi-intact_forest,2
2377,Rattus rattus,Mandena_semi-intact_forest,Mandena,semi-intact_forest,2
2378,Microgale brevicaudata,Mandena_semi-intact_forest,Mandena,semi-intact_forest,2
2381,Rattus rattus,Mandena_semi-intact_forest,Mandena,semi-intact_forest,2
2383,Microgale brevicaudata,Mandena_semi-intact_forest,Mandena,semi-intact_forest,2
2385,Microgale brevicaudata,Mandena_semi-intact_forest,Mandena,semi-intact_forest,2
2386,Microgale brevicaudata,Mandena_flooded_rice,Mandena,flooded_rice,2
2387,Microgale brevicaudata,Mandena_flooded_rice,Mandena,flooded_rice,2
2388,Microgale brevicaudata,Mandena_flooded_rice,Mandena,flooded_rice,2
2389,Microgale brevicaudata,Mandena_flooded_rice,Mandena,flooded_rice,2
2390,Microgale brevicaudata,Mandena_flooded_rice,Mandena,flooded_rice,2
2392,Microgale brevicaudata,Mandena_flooded_rice,Mandena,flooded_rice,2
2393,Microgale brevicaudata,Mandena_flooded_rice,Mandena,flooded_rice,2
2394,Microgale brevicaudata,Mandena_flooded_rice,Mandena,flooded_rice,2
2396,Rattus rattus,Mandena_flooded_rice,Mandena,flooded_rice,2
2397,Rattus rattus,Mandena_flooded_rice,Mandena,flooded_rice,2
2398,Rattus rattus,Mandena_flooded_rice,Mandena,flooded_rice,2
2399,Rattus rattus,Mandena_flooded_rice,Mandena,flooded_rice,2
2400,Rattus rattus,Mandena_flooded_rice,Mandena,flooded_rice,2
2401,Microgale brevicaudata,Mandena_flooded_rice,Mandena,flooded_rice,2
2402,Microgale brevicaudata,Mandena_flooded_rice,Mandena,flooded_rice,2
2405,Microgale brevicaudata,Mandena_flooded_rice,Mandena,flooded_rice,2
2406,Microgale brevicaudata,Mandena_flooded_rice,Mandena,flooded_rice,2
2407,Microgale brevicaudata,Mandena_flooded_rice,Mandena,flooded_rice,2
2410,Rattus rattus,Mandena_flooded_rice,Mandena,flooded_rice,2
2411,Microgale brevicaudata,Mandena_flooded_rice,Mandena,flooded_rice,2
2412,Microgale brevicaudata,Mandena_flooded_rice,Mandena,flooded_rice,2
2416,Rattus rattus,Mandena_flooded_rice,Mandena,flooded_rice,2
2417,Rattus rattus,Mandena_flooded_rice,Mandena,flooded_rice,2
2418,Rattus rattus,Mandena_flooded_rice,Mandena,flooded_rice,2
2419,Rattus rattus,Mandena_flooded_rice,Mandena,flooded_rice,2
2420,Rattus rattus,Mandena_flooded_rice,Mandena,flooded_rice,2
2421,Microgale brevicaudata,Mandena_flooded_rice,Mandena,flooded_rice,2
2422,Microgale brevicaudata,Mandena_flooded_rice,Mandena,flooded_rice,2
2424,Microgale brevicaudata,Mandena_flooded_rice,Mandena,flooded_rice,2
2427,Rattus rattus,Mandena_flooded_rice,Mandena,flooded_rice,2
2428,Rattus rattus,Mandena_flooded_rice,Mandena,flooded_rice,2
2429,Rattus rattus,Mandena_flooded_rice,Mandena,flooded_rice,2
2430,Microgale brevicaudata,Mandena_flooded_rice,Mandena,flooded_rice,2
2432,Microgale brevicaudata,Mandena_flooded_rice,Mandena,flooded_rice,2
2434,Rattus rattus,Mandena_flooded_rice,Mandena,flooded_rice,2
2435,Rattus rattus,Mandena_flooded_rice,Mandena,flooded_rice,2
2436,Rattus rattus,Mandena_flooded_rice,Mandena,flooded_rice,2
2437,Rattus rattus,Mandena_flooded_rice,Mandena,flooded_rice,2
2438,Rattus rattus,Mandena_flooded_rice,Mandena,flooded_rice,2
2441,Microgale brevicaudata,Mandena_agroforest,Mandena,agroforest,2
2444,Microgale brevicaudata,Mandena_agroforest,Mandena,agroforest,2
2445,Microgale brevicaudata,Mandena_agroforest,Mandena,agroforest,2
2451,Rattus rattus,Mandena_village,Mandena,village,2
2452,Rattus rattus,Mandena_village,Mandena,village,2
2453,Rattus rattus,Mandena_village,Mandena,village,2
2454,Rattus rattus,Mandena_village,Mandena,village,2
2456,Rattus rattus,Mandena_village,Mandena,village,2
2457,Rattus rattus,Mandena_village,Mandena,village,2
2458,Rattus rattus,Mandena_village,Mandena,village,2
2459,Rattus rattus,Mandena_village,Mandena,village,2
2460,Rattus rattus,Mandena_village,Mandena,village,2
2461,Rattus rattus,Mandena_agroforest,Mandena,agroforest,2
2462,Rattus rattus,Mandena_agroforest,Mandena,agroforest,2
2464,Rattus rattus,Mandena_agroforest,Mandena,agroforest,2
2468,Rattus rattus,Mandena_village,Mandena,village,2
2469,Rattus rattus,Mandena_village,Mandena,village,2
2470,Rattus rattus,Mandena_village,Mandena,village,2
2471,Rattus rattus,Mandena_village,Mandena,village,2
2472,Rattus rattus,Mandena_village,Mandena,village,2
2474,Rattus rattus,Mandena_agroforest,Mandena,agroforest,2
2475,Rattus rattus,Mandena_agroforest,Mandena,agroforest,2
2478,Rattus rattus,Mandena_village,Mandena,village,2
2479,Rattus rattus,Mandena_village,Mandena,village,2
2481,Rattus rattus,Mandena_village,Mandena,village,2
2486,Rattus rattus,Mandena_village,Mandena,village,2
2487,Rattus rattus,Mandena_village,Mandena,village,2
2490,Rattus rattus,Mandena_village,Mandena,village,2
2491,Rattus rattus,Mandena_village,Mandena,village,2
2495,Rattus rattus,Mandena_agroforest,Mandena,agroforest,2
2496,Rattus rattus,Mandena_agroforest,Mandena,agroforest,2
2497,Microgale brevicaudata,Mandena_brushy_regrowth,Mandena,brushy_regrowth,3
2498,Microgale brevicaudata,Mandena_brushy_regrowth,Mandena,brushy_regrowth,3
2499,Rattus rattus,Mandena_brushy_regrowth,Mandena,brushy_regrowth,3
2500,Rattus rattus,Mandena_brushy_regrowth,Mandena,brushy_regrowth,3
2501,Rattus rattus,Mandena_brushy_regrowth,Mandena,brushy_regrowth,3
2502,Rattus rattus,Mandena_brushy_regrowth,Mandena,brushy_regrowth,3
2503,Rattus rattus,Mandena_brushy_regrowth,Mandena,brushy_regrowth,3
2504,Rattus rattus,Mandena_brushy_regrowth,Mandena,brushy_regrowth,3
2505,Rattus rattus,Mandena_brushy_regrowth,Mandena,brushy_regrowth,3
2506,Rattus rattus,Mandena_brushy_regrowth,Mandena,brushy_regrowth,3
2507,Rattus rattus,Mandena_brushy_regrowth,Mandena,brushy_regrowth,3
2508,Rattus rattus,Mandena_brushy_regrowth,Mandena,brushy_regrowth,3
2509,Rattus rattus,Mandena_brushy_regrowth,Mandena,brushy_regrowth,3
2510,Rattus rattus,Mandena_brushy_regrowth,Mandena,brushy_regrowth,3
2511,Rattus rattus,Mandena_brushy_regrowth,Mandena,brushy_regrowth,3
2512,Rattus rattus,Mandena_brushy_regrowth,Mandena,brushy_regrowth,3
2513,Rattus rattus,Mandena_brushy_regrowth,Mandena,brushy_regrowth,3
2514,Rattus rattus,Mandena_brushy_regrowth,Mandena,brushy_regrowth,3
2515,Rattus rattus,Mandena_brushy_regrowth,Mandena,brushy_regrowth,3
2516,Rattus rattus,Mandena_brushy_regrowth,Mandena,brushy_regrowth,3
2517,Rattus rattus,Mandena_brushy_regrowth,Mandena,brushy_regrowth,3
2518,Rattus rattus,Mandena_brushy_regrowth,Mandena,brushy_regrowth,3
2522,Rattus rattus,Mandena_brushy_regrowth,Mandena,brushy_regrowth,3
2523,Rattus rattus,Mandena_brushy_regrowth,Mandena,brushy_regrowth,3
2524,Microgale brevicaudata,Mandena_brushy_regrowth,Mandena,brushy_regrowth,3
2525,Microgale brevicaudata,Mandena_brushy_regrowth,Mandena,brushy_regrowth,3
2526,Rattus rattus,Mandena_brushy_regrowth,Mandena,brushy_regrowth,3
2527,Rattus rattus,Mandena_brushy_regrowth,Mandena,brushy_regrowth,3
2528,Microgale brevicaudata,Mandena_brushy_regrowth,Mandena,brushy_regrowth,3
2529,Microgale brevicaudata,Mandena_brushy_regrowth,Mandena,brushy_regrowth,3
2530,Microgale brevicaudata,Mandena_brushy_regrowth,Mandena,brushy_regrowth,3
2535,Rattus rattus,Mandena_brushy_regrowth,Mandena,brushy_regrowth,3
2536,Rattus rattus,Mandena_brushy_regrowth,Mandena,brushy_regrowth,3
2537,Rattus rattus,Mandena_brushy_regrowth,Mandena,brushy_regrowth,3
2539,Rattus rattus,Mandena_brushy_regrowth,Mandena,brushy_regrowth,3
2540,Rattus rattus,Mandena_brushy_regrowth,Mandena,brushy_regrowth,3
2541,Rattus rattus,Mandena_brushy_regrowth,Mandena,brushy_regrowth,3
2544,Microgale brevicaudata,Mandena_agriculture,Mandena,agriculture,3
2548,Rattus rattus,Mandena_agriculture,Mandena,agriculture,3
2549,Rattus rattus,Mandena_agriculture,Mandena,agriculture,3
2550,Rattus rattus,Mandena_agriculture,Mandena,agriculture,3
2552,Rattus rattus,Mandena_agriculture,Mandena,agriculture,3
2553,Rattus rattus,Mandena_agriculture,Mandena,agriculture,3
2554,Rattus rattus,Mandena_agriculture,Mandena,agriculture,3
2555,Rattus rattus,Mandena_agriculture,Mandena,agriculture,3
2556,Rattus rattus,Mandena_agriculture,Mandena,agriculture,3
2557,Rattus rattus,Mandena_agriculture,Mandena,agriculture,3
2558,Rattus rattus,Mandena_agriculture,Mandena,agriculture,3
2564,Rattus rattus,Mandena_agriculture,Mandena,agriculture,3
2565,Rattus rattus,Mandena_agriculture,Mandena,agriculture,3
2566,Rattus rattus,Mandena_agriculture,Mandena,agriculture,3
2567,Rattus rattus,Mandena_agriculture,Mandena,agriculture,3
2568,Rattus rattus,Mandena_agriculture,Mandena,agriculture,3
2569,Rattus rattus,Mandena_agriculture,Mandena,agriculture,3
2570,Rattus rattus,Mandena_agriculture,Mandena,agriculture,3
2571,Rattus rattus,Mandena_agriculture,Mandena,agriculture,3
2572,Rattus rattus,Mandena_agriculture,Mandena,agriculture,3
2573,Rattus rattus,Mandena_agriculture,Mandena,agriculture,3
2574,Rattus rattus,Mandena_agriculture,Mandena,agriculture,3
2577,Rattus rattus,Mandena_agriculture,Mandena,agriculture,3
2578,Microgale brevicaudata,Mandena_agriculture,Mandena,agriculture,3
2579,Microgale brevicaudata,Mandena_agriculture,Mandena,agriculture,3
2581,Rattus rattus,Mandena_agriculture,Mandena,agriculture,3
2582,Rattus rattus,Mandena_agriculture,Mandena,agriculture,3
2583,Rattus rattus,Mandena_agriculture,Mandena,agriculture,3
2584,Rattus rattus,Mandena_agriculture,Mandena,agriculture,3
2586,Rattus rattus,Mandena_agriculture,Mandena,agriculture,3
2587,Rattus rattus,Mandena_agriculture,Mandena,agriculture,3
2588,Rattus rattus,Mandena_agriculture,Mandena,agriculture,3
2589,Rattus rattus,Mandena_agriculture,Mandena,agriculture,3
2590,Microgale brevicaudata,Mandena_agriculture,Mandena,agriculture,3
2592,Microgale brevicaudata,Mandena_flooded_rice,Mandena,flooded_rice,3
2595,Rattus rattus,Mandena_flooded_rice,Mandena,flooded_rice,3
2596,Rattus rattus,Mandena_flooded_rice,Mandena,flooded_rice,3
2597,Rattus rattus,Mandena_flooded_rice,Mandena,flooded_rice,3
2600,Rattus rattus,Mandena_flooded_rice,Mandena,flooded_rice,3
2601,Rattus rattus,Mandena_flooded_rice,Mandena,flooded_rice,3
2602,Rattus rattus,Mandena_flooded_rice,Mandena,flooded_rice,3
2603,Rattus rattus,Mandena_flooded_rice,Mandena,flooded_rice,3
2604,Rattus rattus,Mandena_flooded_rice,Mandena,flooded_rice,3
2605,Rattus rattus,Mandena_flooded_rice,Mandena,flooded_rice,3
2606,Rattus rattus,Mandena_flooded_rice,Mandena,flooded_rice,3
2609,Rattus rattus,Mandena_flooded_rice,Mandena,flooded_rice,3
2610,Rattus rattus,Mandena_flooded_rice,Mandena,flooded_rice,3
2611,Rattus rattus,Mandena_flooded_rice,Mandena,flooded_rice,3
2612,Rattus rattus,Mandena_flooded_rice,Mandena,flooded_rice,3
2613,Rattus rattus,Mandena_flooded_rice,Mandena,flooded_rice,3
2614,Rattus rattus,Mandena_flooded_rice,Mandena,flooded_rice,3
2615,Rattus rattus,Mandena_flooded_rice,Mandena,flooded_rice,3
2616,Rattus rattus,Mandena_flooded_rice,Mandena,flooded_rice,3
2617,Rattus rattus,Mandena_flooded_rice,Mandena,flooded_rice,3
2618,Rattus rattus,Mandena_flooded_rice,Mandena,flooded_rice,3
2620,Rattus rattus,Mandena_flooded_rice,Mandena,flooded_rice,3
2621,Rattus rattus,Mandena_flooded_rice,Mandena,flooded_rice,3
2622,Rattus rattus,Mandena_flooded_rice,Mandena,flooded_rice,3
2623,Rattus rattus,Mandena_flooded_rice,Mandena,flooded_rice,3
2624,Rattus rattus,Mandena_flooded_rice,Mandena,flooded_rice,3
2625,Microgale brevicaudata,Mandena_flooded_rice,Mandena,flooded_rice,3
2626,Microgale brevicaudata,Mandena_flooded_rice,Mandena,flooded_rice,3
2630,Rattus rattus,Mandena_flooded_rice,Mandena,flooded_rice,3
2631,Rattus rattus,Mandena_flooded_rice,Mandena,flooded_rice,3
2632,Rattus rattus,Mandena_flooded_rice,Mandena,flooded_rice,3
2633,Rattus rattus,Mandena_flooded_rice,Mandena,flooded_rice,3
2634,Rattus rattus,Mandena_flooded_rice,Mandena,flooded_rice,3
2635,Microgale brevicaudata,Mandena_flooded_rice,Mandena,flooded_rice,3
2637,Microgale brevicaudata,Mandena_flooded_rice,Mandena,flooded_rice,3
2642,Rattus rattus,Mandena_flooded_rice,Mandena,flooded_rice,3
2643,Rattus rattus,Mandena_flooded_rice,Mandena,flooded_rice,3
2644,Rattus rattus,Mandena_flooded_rice,Mandena,flooded_rice,3
2645,Rattus rattus,Mandena_flooded_rice,Mandena,flooded_rice,3
2646,Rattus rattus,Mandena_flooded_rice,Mandena,flooded_rice,3
2649,Microgale brevicaudata,Mandena_secondary_forest,Mandena,secondary_forest,3
2650,Rattus rattus,Mandena_secondary_forest,Mandena,secondary_forest,3
2651,Rattus rattus,Mandena_secondary_forest,Mandena,secondary_forest,3
2652,Rattus rattus,Mandena_secondary_forest,Mandena,secondary_forest,3
2654,Microgale brevicaudata,Mandena_secondary_forest,Mandena,secondary_forest,3
2655,Microgale brevicaudata,Mandena_secondary_forest,Mandena,secondary_forest,3
2656,Microgale brevicaudata,Mandena_secondary_forest,Mandena,secondary_forest,3
2659,Rattus rattus,Mandena_secondary_forest,Mandena,secondary_forest,3
2660,Rattus rattus,Mandena_secondary_forest,Mandena,secondary_forest,3
2661,Rattus rattus,Mandena_secondary_forest,Mandena,secondary_forest,3
2662,Rattus rattus,Mandena_secondary_forest,Mandena,secondary_forest,3
2663,Microgale brevicaudata,Mandena_secondary_forest,Mandena,secondary_forest,3
2664,Microgale brevicaudata,Mandena_secondary_forest,Mandena,secondary_forest,3
2666,Rattus rattus,Mandena_secondary_forest,Mandena,secondary_forest,3
2667,Rattus rattus,Mandena_secondary_forest,Mandena,secondary_forest,3
2668,Rattus rattus,Mandena_secondary_forest,Mandena,secondary_forest,3
2670,Rattus rattus,Mandena_secondary_forest,Mandena,secondary_forest,3
2671,Rattus rattus,Mandena_secondary_forest,Mandena,secondary_forest,3
2672,Rattus rattus,Mandena_secondary_forest,Mandena,secondary_forest,3
2673,Rattus rattus,Mandena_secondary_forest,Mandena,secondary_forest,3
2674,Rattus rattus,Mandena_secondary_forest,Mandena,secondary_forest,3
2675,Rattus rattus,Mandena_secondary_forest,Mandena,secondary_forest,3
2676,Rattus rattus,Mandena_secondary_forest,Mandena,secondary_forest,3
2677,Microgale brevicaudata,Mandena_semi-intact_forest,Mandena,semi-intact_forest,3
2678,Microgale brevicaudata,Mandena_semi-intact_forest,Mandena,semi-intact_forest,3
2681,Microgale brevicaudata,Mandena_semi-intact_forest,Mandena,semi-intact_forest,3
2682,Microgale brevicaudata,Mandena_semi-intact_forest,Mandena,semi-intact_forest,3
2683,Rattus rattus,Mandena_semi-intact_forest,Mandena,semi-intact_forest,3
2684,Rattus rattus,Mandena_semi-intact_forest,Mandena,semi-intact_forest,3
2685,Rattus rattus,Mandena_semi-intact_forest,Mandena,semi-intact_forest,3
2688,Microgale brevicaudata,Mandena_semi-intact_forest,Mandena,semi-intact_forest,3
2689,Microgale brevicaudata,Mandena_semi-intact_forest,Mandena,semi-intact_forest,3
2691,Rattus rattus,Mandena_semi-intact_forest,Mandena,semi-intact_forest,3
2693,Microgale brevicaudata,Mandena_semi-intact_forest,Mandena,semi-intact_forest,3
2694,Rattus rattus,Mandena_agroforest,Mandena,agroforest,3
2695,Rattus rattus,Mandena_agroforest,Mandena,agroforest,3
2696,Rattus rattus,Mandena_agroforest,Mandena,agroforest,3
2703,Rattus rattus,Mandena_agroforest,Mandena,agroforest,3
2704,Rattus rattus,Mandena_agroforest,Mandena,agroforest,3
2705,Rattus rattus,Mandena_agroforest,Mandena,agroforest,3
2706,Rattus rattus,Mandena_agroforest,Mandena,agroforest,3
2707,Rattus rattus,Mandena_agroforest,Mandena,agroforest,3
2708,Rattus rattus,Mandena_agroforest,Mandena,agroforest,3
2709,Rattus rattus,Mandena_agroforest,Mandena,agroforest,3
2710,Rattus rattus,Mandena_agroforest,Mandena,agroforest,3
2711,Rattus rattus,Mandena_agroforest,Mandena,agroforest,3
2712,Rattus rattus,Mandena_agroforest,Mandena,agroforest,3
2717,Rattus rattus,Mandena_agroforest,Mandena,agroforest,3
2718,Rattus rattus,Mandena_agroforest,Mandena,agroforest,3
2719,Rattus rattus,Mandena_agroforest,Mandena,agroforest,3
2720,Rattus rattus,Mandena_agroforest,Mandena,agroforest,3
2722,Rattus rattus,Mandena_agroforest,Mandena,agroforest,3
2723,Rattus rattus,Mandena_agroforest,Mandena,agroforest,3
2724,Rattus rattus,Mandena_agroforest,Mandena,agroforest,3
2725,Rattus rattus,Mandena_agroforest,Mandena,agroforest,3
2726,Rattus rattus,Mandena_agroforest,Mandena,agroforest,3
2727,Microgale brevicaudata,Mandena_agroforest,Mandena,agroforest,3
2729,Microgale brevicaudata,Mandena_agroforest,Mandena,agroforest,3
2733,Rattus rattus,Mandena_agroforest,Mandena,agroforest,3
2736,Rattus rattus,Mandena_village,Mandena,village,3
2737,Rattus rattus,Mandena_village,Mandena,village,3
2738,Rattus rattus,Mandena_village,Mandena,village,3
2739,Rattus rattus,Mandena_village,Mandena,village,3
2740,Rattus rattus,Mandena_village,Mandena,village,3
2741,Rattus rattus,Mandena_village,Mandena,village,3
2742,Rattus rattus,Mandena_agroforest,Mandena,agroforest,3
2743,Rattus rattus,Mandena_agroforest,Mandena,agroforest,3
2744,Rattus rattus,Mandena_agroforest,Mandena,agroforest,3
2745,Rattus rattus,Mandena_agroforest,Mandena,agroforest,3
2746,Rattus rattus,Mandena_agroforest,Mandena,agroforest,3
2747,Rattus rattus,Mandena_agroforest,Mandena,agroforest,3
2748,Rattus rattus,Mandena_agroforest,Mandena,agroforest,3
2749,Rattus rattus,Mandena_agroforest,Mandena,agroforest,3
2751,Rattus rattus,Mandena_village,Mandena,village,3
2754,Rattus rattus,Mandena_agroforest,Mandena,agroforest,3
2755,Rattus rattus,Mandena_agroforest,Mandena,agroforest,3
2756,Rattus rattus,Mandena_agroforest,Mandena,agroforest,3
2757,Rattus rattus,Mandena_agroforest,Mandena,agroforest,3
2758,Rattus rattus,Mandena_agroforest,Mandena,agroforest,3
2759,Rattus rattus,Mandena_agroforest,Mandena,agroforest,3
2761,Microgale brevicaudata,Mandena_agroforest,Mandena,agroforest,3
2762,Rattus rattus,Mandena_village,Mandena,village,3
2764,Rattus rattus,Mandena_village,Mandena,village,3
2765,Rattus rattus,Mandena_agroforest,Mandena,agroforest,3
2766,Rattus rattus,Mandena_agroforest,Mandena,agroforest,3
2767,Microgale brevicaudata,Mandena_agroforest,Mandena,agroforest,3
2769,Rattus rattus,Mandena_agroforest,Mandena,agroforest,3
2770,Rattus rattus,Mandena_agroforest,Mandena,agroforest,3
