host_ID,host_species,village,grid,Blastocystis,Entamoeba,Heligmosomoidea,Nippostrongylus,Trichostrongylidae,Hypotrichomonas,Tritrichomonas,Eimeria,Heligmonellidae,Hexamastix,Tetratrichomonas
2006,Microgale brevicaudata,Mandena,brushy_regrowth,1,1,1,1,1,0,0,0,0,0,0
2007,Microgale brevicaudata,Mandena,brushy_regrowth,1,1,0,0,0,0,0,0,0,0,0
2010,Rattus rattus,Mandena,brushy_regrowth,0,1,0,1,0,1,0,0,0,0,0
2011,Rattus rattus,Mandena,brushy_regrowth,1,1,0,0,0,1,1,0,0,0,0
2013,Rattus rattus,Mandena,brushy_regrowth,1,1,0,1,0,0,0,0,0,0,0
2014,Rattus rattus,Mandena,brushy_regrowth,1,0,0,1,0,0,0,0,0,0,0
2015,Rattus rattus,Mandena,brushy_regrowth,1,1,0,0,0,1,0,0,0,0,0
2016,Rattus rattus,Mandena,brushy_regrowth,1,1,0,1,0,0,0,0,0,0,0
2018,Rattus rattus,Mandena,brushy_regrowth,1,1,0,1,0,0,0,0,0,0,0
2019,Rattus rattus,Mandena,brushy_regrowth,1,1,0,0,0,0,1,0,0,0,0
2021,Microgale brevicaudata,Mandena,brushy_regrowth,1,1,0,0,0,0,0,1,0,0,0
2023,Rattus rattus,Mandena,brushy_regrowth,1,0,0,0,0,0,0,0,0,0,0
2024,Rattus rattus,Mandena,brushy_regrowth,0,1,0,0,0,0,1,0,0,0,0
2025,Rattus rattus,Mandena,brushy_regrowth,1,1,0,1,0,0,1,0,0,0,0
2026,Microgale brevicaudata,Mandena,brushy_regrowth,1,0,0,1,1,0,0,0,0,0,0
2027,Microgale brevicaudata,Mandena,brushy_regrowth,1,0,0,0,0,0,0,0,0,0,0
2028,Microgale brevicaudata,Mandena,brushy_regrowth,0,0,0,0,0,0,0,1,0,0,0
2029,Rattus rattus,Mandena,brushy_regrowth,1,1,0,1,0,0,1,0,0,0,0
2030,Rattus rattus,Mandena,brushy_regrowth,1,1,0,0,0,0,0,0,0,0,0
2031,Rattus rattus,Mandena,brushy_regrowth,1,0,0,1,0,0,1,0,0,0,0
2032,Rattus rattus,Mandena,brushy_regrowth,1,1,0,1,0,0,0,0,0,0,0
2033,Microgale brevicaudata,Mandena,brushy_regrowth,1,0,1,0,1,0,0,0,0,0,0
2034,Microgale brevicaudata,Mandena,brushy_regrowth,1,1,0,0,0,0,0,1,0,0,0
2035,Microgale brevicaudata,Mandena,brushy_regrowth,1,0,1,0,0,0,0,0,0,0,0
2036,Microgale brevicaudata,Mandena,brushy_regrowth,1,0,1,1,1,0,0,0,0,0,0
2037,Rattus rattus,Mandena,brushy_regrowth,0,0,0,1,0,0,1,0,0,0,0
2038,Rattus rattus,Mandena,brushy_regrowth,1,0,0,1,0,0,1,0,0,0,0
2039,Rattus rattus,Mandena,brushy_regrowth,1,1,1,1,0,0,0,0,1,0,0
2040,Rattus rattus,Mandena,brushy_regrowth,1,1,0,0,0,0,0,0,0,0,0
2045,Microgale brevicaudata,Mandena,agriculture,1,1,0,0,1,0,0,1,0,0,0
2046,Microgale brevicaudata,Mandena,agriculture,0,0,0,1,1,0,0,1,1,0,0
2047,Microgale brevicaudata,Mandena,agriculture,1,0,0,0,1,0,0,1,0,0,0
2053,Rattus rattus,Mandena,agriculture,1,1,0,1,0,0,0,0,0,0,0
2054,Rattus rattus,Mandena,agriculture,1,1,0,1,0,1,0,0,0,0,0
2057,Microgale brevicaudata,Mandena,agriculture,1,1,0,0,1,0,0,0,0,0,0
2058,Microgale brevicaudata,Mandena,agriculture,0,0,0,0,0,0,0,1,0,0,0
2059,Rattus rattus,Mandena,agriculture,1,1,0,1,0,0,0,0,0,0,0
2062,Rattus rattus,Mandena,agriculture,0,0,0,0,0,0,1,0,0,0,0
2064,Rattus rattus,Mandena,agriculture,0,0,0,1,0,0,1,0,0,0,0
2065,Rattus rattus,Mandena,agriculture,1,1,0,1,0,1,0,0,0,0,0
2066,Rattus rattus,Mandena,agriculture,0,0,0,1,0,0,1,0,0,0,0
2069,Microgale brevicaudata,Mandena,agriculture,0,0,0,0,1,0,0,1,0,0,0
2077,Rattus rattus,Mandena,agriculture,1,1,0,1,0,1,0,1,0,0,0
2081,Microgale brevicaudata,Mandena,agriculture,0,0,0,0,0,0,0,1,0,0,0
2082,Microgale brevicaudata,Mandena,agriculture,0,0,0,0,0,0,0,1,0,0,0
2083,Microgale brevicaudata,Mandena,agriculture,0,0,0,0,1,0,0,1,0,0,0
2087,Rattus rattus,Mandena,agriculture,0,0,0,1,0,0,1,0,0,0,0
2091,Rattus rattus,Mandena,agriculture,0,1,0,1,0,1,1,0,0,0,0
2092,Rattus rattus,Mandena,agriculture,0,0,0,1,0,1,0,0,0,0,0
2095,Rattus rattus,Mandena,agriculture,1,0,0,1,0,0,1,0,0,0,0
2100,Rattus rattus,Mandena,agriculture,0,0,0,1,0,0,0,1,0,0,0
2101,Rattus rattus,Mandena,agriculture,0,0,0,1,0,1,0,0,0,0,0
2102,Rattus rattus,Mandena,agriculture,0,0,0,1,0,0,0,1,0,0,0
2104,Rattus rattus,Mandena,village,0,0,0,1,0,0,1,0,0,0,0
2105,Rattus rattus,Mandena,village,0,0,0,1,0,1,0,0,1,0,0
2109,Microgale brevicaudata,Mandena,secondary_forest,0,0,0,0,0,0,0,1,0,0,0
2110,Microgale brevicaudata,Mandena,secondary_forest,0,0,1,0,1,0,0,1,0,0,0
2111,Microgale brevicaudata,Mandena,secondary_forest,0,0,1,1,1,0,0,1,0,0,0
2114,Microgale brevicaudata,Mandena,secondary_forest,0,0,0,0,0,0,0,1,0,0,0
2115,Microgale brevicaudata,Mandena,secondary_forest,1,1,1,1,0,0,0,0,0,0,0
2116,Microgale brevicaudata,Mandena,secondary_forest,0,0,0,0,0,0,0,1,0,0,0
2120,Microgale brevicaudata,Mandena,secondary_forest,0,0,1,1,1,0,0,1,0,0,0
2122,Rattus rattus,Mandena,secondary_forest,0,0,0,1,0,1,0,0,1,0,0
2123,Rattus rattus,Mandena,secondary_forest,0,1,0,1,0,0,0,0,0,0,0
2124,Microgale brevicaudata,Mandena,secondary_forest,0,0,0,0,0,0,0,1,0,0,0
2125,Microgale brevicaudata,Mandena,secondary_forest,0,0,1,0,1,0,0,1,0,0,0
2126,Microgale brevicaudata,Mandena,secondary_forest,0,0,1,0,1,0,0,1,0,0,0
2131,Microgale brevicaudata,Mandena,secondary_forest,0,0,1,0,0,0,0,1,0,0,0
2132,Microgale brevicaudata,Mandena,semi-intact_forest,0,0,1,0,1,0,0,1,0,0,0
2133,Microgale brevicaudata,Mandena,semi-intact_forest,0,0,1,0,1,0,0,1,0,0,0
2137,Microgale brevicaudata,Mandena,semi-intact_forest,1,0,0,0,0,0,0,1,0,0,0
2142,Microgale brevicaudata,Mandena,semi-intact_forest,0,0,0,1,0,0,0,1,1,0,0
2143,Microgale brevicaudata,Mandena,semi-intact_forest,0,0,1,0,1,0,0,1,0,0,0
2144,Microgale brevicaudata,Mandena,semi-intact_forest,0,0,1,0,1,0,0,1,0,0,0
2145,Microgale brevicaudata,Mandena,flooded_rice,0,0,0,0,1,0,0,1,0,0,0
2147,Microgale brevicaudata,Mandena,flooded_rice,0,0,0,0,1,0,0,1,0,0,0
2148,Microgale brevicaudata,Mandena,flooded_rice,0,0,0,0,1,0,0,1,0,0,0
2150,Microgale brevicaudata,Mandena,flooded_rice,0,0,0,0,0,0,0,1,0,0,0
2152,Rattus rattus,Mandena,flooded_rice,1,0,0,1,0,0,1,0,0,0,0
2153,Rattus rattus,Mandena,flooded_rice,0,0,0,1,0,0,1,1,0,0,0
2160,Rattus rattus,Mandena,flooded_rice,0,0,0,1,0,0,0,1,0,0,0
2161,Microgale brevicaudata,Mandena,flooded_rice,0,0,0,1,0,0,0,1,0,0,0
2162,Microgale brevicaudata,Mandena,flooded_rice,0,0,0,0,1,0,0,1,0,0,0
2165,Microgale brevicaudata,Mandena,flooded_rice,0,0,0,0,0,0,0,1,0,0,0
2169,Rattus rattus,Mandena,flooded_rice,0,0,0,0,0,1,1,0,0,0,0
2171,Microgale brevicaudata,Mandena,flooded_rice,0,0,0,0,0,0,0,1,0,0,0
2172,Microgale brevicaudata,Mandena,flooded_rice,0,0,0,0,0,0,0,1,0,0,0
2173,Microgale brevicaudata,Mandena,flooded_rice,0,0,0,0,1,0,0,1,0,0,0
2177,Rattus rattus,Mandena,flooded_rice,1,0,0,1,0,0,1,0,0,0,0
2178,Rattus rattus,Mandena,flooded_rice,1,0,0,0,0,0,1,0,0,0,0
2181,Rattus rattus,Mandena,flooded_rice,1,0,0,1,0,1,1,1,0,0,0
2182,Rattus rattus,Mandena,flooded_rice,0,0,0,1,0,1,0,1,0,0,0
2183,Rattus rattus,Mandena,flooded_rice,1,0,0,1,0,1,1,0,0,0,0
2187,Rattus rattus,Mandena,flooded_rice,0,0,0,1,0,0,1,0,0,0,0
2188,Microgale brevicaudata,Mandena,agroforest,0,0,0,0,1,0,0,1,0,0,0
2195,Microgale brevicaudata,Mandena,agroforest,0,0,0,0,1,0,0,1,0,0,0
2196,Microgale brevicaudata,Mandena,agroforest,0,0,0,1,1,0,0,1,1,1,0
2200,Rattus rattus,Mandena,village,0,0,0,0,0,0,0,1,0,1,0
2203,Rattus rattus,Mandena,village,1,0,0,1,0,0,1,1,0,0,0
2204,Rattus rattus,Mandena,village,1,0,0,1,0,0,1,0,0,0,0
2205,Rattus rattus,Mandena,village,0,0,0,0,0,0,0,0,0,1,0
2207,Rattus rattus,Mandena,agroforest,0,0,0,1,0,0,0,1,0,0,0
2208,Rattus rattus,Mandena,agroforest,0,0,0,0,0,0,1,0,0,0,0
2216,Rattus rattus,Mandena,agroforest,0,0,0,1,0,0,0,1,0,0,0
2217,Rattus rattus,Mandena,agroforest,0,0,0,1,0,1,1,0,0,0,0
2218,Rattus rattus,Mandena,agroforest,0,0,0,1,0,1,0,0,0,0,0
2221,Rattus rattus,Mandena,village,1,0,0,1,0,0,1,1,0,0,0
2227,Rattus rattus,Mandena,village,0,0,0,0,0,0,1,0,0,0,0
2228,Rattus rattus,Mandena,agroforest,0,0,0,1,0,0,1,0,0,0,0
2229,Rattus rattus,Mandena,agroforest,0,0,0,1,0,0,1,0,0,0,0
2234,Microgale brevicaudata,Mandena,agroforest,0,0,0,0,0,0,0,1,0,0,0
2236,Rattus rattus,Mandena,village,1,0,0,0,0,0,0,0,0,1,1
2241,Rattus rattus,Mandena,agroforest,0,1,0,1,0,0,0,0,0,0,1
2242,Rattus rattus,Mandena,agroforest,0,0,0,1,0,1,1,0,0,0,0
2243,Rattus rattus,Mandena,agroforest,0,0,0,1,0,0,0,0,0,0,1
2244,Microgale brevicaudata,Mandena,agroforest,0,0,0,0,0,0,0,1,0,0,0
2245,Microgale brevicaudata,Mandena,agroforest,0,0,0,0,0,0,0,1,0,0,0
2248,Rattus rattus,Mandena,agroforest,0,0,0,1,0,1,0,0,0,0,0
2249,Rattus rattus,Mandena,agroforest,0,0,0,1,0,1,0,0,0,0,0
2251,Rattus rattus,Mandena,agroforest,0,1,0,1,0,0,1,0,0,0,0
2254,Microgale brevicaudata,Mandena,brushy_regrowth,0,0,0,0,0,0,0,1,0,0,0
2255,Microgale brevicaudata,Mandena,brushy_regrowth,0,0,0,0,0,0,0,1,0,0,0
2256,Microgale brevicaudata,Mandena,brushy_regrowth,0,0,1,1,0,0,0,1,0,0,0
2257,Microgale brevicaudata,Mandena,brushy_regrowth,0,0,0,0,1,0,0,1,0,0,0
2261,Rattus rattus,Mandena,brushy_regrowth,0,0,0,1,0,0,1,0,0,0,0
2262,Rattus rattus,Mandena,brushy_regrowth,0,0,0,1,0,0,0,1,0,0,0
2263,Rattus rattus,Mandena,brushy_regrowth,0,0,0,1,0,0,1,0,0,0,0
2265,Microgale brevicaudata,Mandena,brushy_regrowth,0,0,0,0,0,0,0,1,0,0,0
2266,Microgale brevicaudata,Mandena,brushy_regrowth,0,0,0,0,0,0,0,1,0,0,0
2267,Microgale brevicaudata,Mandena,brushy_regrowth,0,0,0,1,0,0,0,1,0,0,0
2269,Rattus rattus,Mandena,brushy_regrowth,0,0,0,1,0,0,1,0,0,0,0
2271,Microgale brevicaudata,Mandena,brushy_regrowth,0,0,1,0,1,0,0,1,0,0,0
2272,Microgale brevicaudata,Mandena,brushy_regrowth,0,0,0,0,0,0,0,1,0,0,0
2273,Microgale brevicaudata,Mandena,brushy_regrowth,0,0,0,0,0,0,0,1,0,0,0
2274,Microgale brevicaudata,Mandena,brushy_regrowth,0,0,0,0,1,0,1,1,0,0,0
2275,Microgale brevicaudata,Mandena,brushy_regrowth,0,0,0,0,0,0,0,1,0,0,0
2277,Rattus rattus,Mandena,brushy_regrowth,0,0,0,1,0,1,1,0,0,0,0
2278,Rattus rattus,Mandena,brushy_regrowth,0,0,0,1,0,0,1,0,0,0,0
2279,Microgale brevicaudata,Mandena,brushy_regrowth,0,0,0,0,1,0,0,1,0,0,0
2281,Microgale brevicaudata,Mandena,brushy_regrowth,0,0,1,0,1,0,0,1,0,0,0
2282,Microgale brevicaudata,Mandena,brushy_regrowth,0,0,1,0,1,0,0,1,0,0,0
2283,Microgale brevicaudata,Mandena,brushy_regrowth,0,0,0,0,1,0,0,1,0,0,0
2284,Microgale brevicaudata,Mandena,brushy_regrowth,0,0,0,0,1,0,0,1,0,0,0
2285,Microgale brevicaudata,Mandena,brushy_regrowth,0,0,0,0,0,0,0,1,0,0,0
2286,Microgale brevicaudata,Mandena,brushy_regrowth,0,0,0,1,1,0,0,1,0,0,0
2287,Rattus rattus,Mandena,brushy_regrowth,0,1,0,1,0,0,1,0,0,0,0
2289,Microgale brevicaudata,Mandena,brushy_regrowth,0,0,0,0,0,0,0,1,0,0,0
2291,Microgale brevicaudata,Mandena,agriculture,0,0,0,0,1,0,0,1,0,0,0
2294,Microgale brevicaudata,Mandena,agriculture,0,0,0,0,1,0,0,1,0,0,0
2295,Microgale brevicaudata,Mandena,agriculture,0,0,0,0,1,0,1,1,0,0,0
2296,Microgale brevicaudata,Mandena,agriculture,0,0,0,0,0,0,0,1,0,0,0
2303,Rattus rattus,Mandena,agriculture,0,0,0,0,0,1,0,0,0,0,0
2304,Rattus rattus,Mandena,agriculture,0,0,0,1,0,0,1,0,0,0,0
2305,Microgale brevicaudata,Mandena,agriculture,0,0,0,0,1,0,0,1,0,0,0
2306,Microgale brevicaudata,Mandena,agriculture,0,0,0,0,1,0,0,1,0,0,0
2307,Microgale brevicaudata,Mandena,agriculture,0,0,0,0,1,0,0,1,0,0,0
2308,Microgale brevicaudata,Mandena,agriculture,0,0,0,0,0,0,0,1,0,0,0
2309,Microgale brevicaudata,Mandena,agriculture,0,0,0,0,1,0,0,1,0,0,0
2313,Rattus rattus,Mandena,agriculture,0,0,0,1,0,0,1,0,0,0,0
2314,Rattus rattus,Mandena,agriculture,0,0,0,1,0,0,1,0,0,0,0
2315,Rattus rattus,Mandena,agriculture,0,0,0,1,0,0,1,0,0,0,0
2318,Microgale brevicaudata,Mandena,agriculture,0,0,0,0,1,0,0,1,0,0,0
2319,Microgale brevicaudata,Mandena,agriculture,0,0,0,1,0,0,0,1,0,0,0
2324,Rattus rattus,Mandena,agriculture,0,0,0,1,0,1,1,0,0,0,0
2327,Microgale brevicaudata,Mandena,agriculture,0,0,0,0,1,0,0,1,0,0,0
2328,Rattus rattus,Mandena,agriculture,0,0,0,1,0,0,0,1,0,0,0
2329,Rattus rattus,Mandena,agriculture,0,0,0,0,0,1,0,0,0,0,0
2334,Microgale brevicaudata,Mandena,agriculture,0,0,0,0,0,0,0,1,0,0,0
2337,Rattus rattus,Mandena,agriculture,0,0,1,1,1,0,1,0,1,0,0
2338,Microgale brevicaudata,Mandena,agriculture,0,0,0,0,0,0,0,1,0,0,0
2339,Microgale brevicaudata,Mandena,agriculture,0,0,0,0,0,0,0,1,0,0,0
2341,Rattus rattus,Mandena,agriculture,1,0,0,1,0,0,1,0,0,0,0
2342,Rattus rattus,Mandena,agriculture,0,0,0,1,0,1,0,0,0,0,0
2343,Rattus rattus,Mandena,agriculture,0,0,0,0,0,0,1,0,0,0,0
2345,Microgale brevicaudata,Mandena,secondary_forest,0,0,0,1,1,0,0,1,0,0,0
2346,Microgale brevicaudata,Mandena,secondary_forest,0,0,1,1,1,0,0,1,0,0,0
2347,Microgale brevicaudata,Mandena,secondary_forest,0,0,0,0,0,0,0,1,0,0,0
2348,Microgale brevicaudata,Mandena,secondary_forest,0,0,0,1,0,0,0,1,0,0,0
2349,Microgale brevicaudata,Mandena,secondary_forest,0,0,1,0,1,0,0,1,0,0,0
2350,Microgale brevicaudata,Mandena,secondary_forest,0,0,1,0,0,0,0,1,0,0,0
2352,Microgale brevicaudata,Mandena,secondary_forest,0,0,0,0,0,0,0,1,0,0,0
2355,Microgale brevicaudata,Mandena,secondary_forest,0,0,1,0,1,0,0,1,0,0,0
2359,Microgale brevicaudata,Mandena,secondary_forest,0,0,1,0,0,0,0,1,0,0,0
2361,Rattus rattus,Mandena,secondary_forest,0,0,0,1,0,1,1,0,0,0,0
2363,Microgale brevicaudata,Mandena,secondary_forest,0,0,0,0,0,0,0,1,0,0,0
2368,Rattus rattus,Mandena,secondary_forest,0,0,0,1,0,1,0,0,0,0,0
2371,Microgale brevicaudata,Mandena,semi-intact_forest,0,0,1,1,0,0,0,1,0,0,0
2372,Microgale brevicaudata,Mandena,semi-intact_forest,0,0,0,0,1,0,0,1,0,0,0
2375,Microgale brevicaudata,Mandena,semi-intact_forest,0,0,1,0,1,0,0,1,0,0,0
2383,Microgale brevicaudata,Mandena,semi-intact_forest,0,0,1,0,1,0,0,1,0,0,0
2385,Microgale brevicaudata,Mandena,semi-intact_forest,0,0,1,0,1,0,0,1,0,0,0
2386,Microgale brevicaudata,Mandena,flooded_rice,0,0,0,0,0,0,0,1,0,0,0
2387,Microgale brevicaudata,Mandena,flooded_rice,0,0,0,0,0,0,0,1,0,0,0
2388,Microgale brevicaudata,Mandena,flooded_rice,0,0,0,0,0,0,0,1,0,0,0
2389,Microgale brevicaudata,Mandena,flooded_rice,0,0,0,0,1,0,0,1,0,0,0
2390,Microgale brevicaudata,Mandena,flooded_rice,0,0,0,0,0,0,0,1,0,0,0
2392,Microgale brevicaudata,Mandena,flooded_rice,0,0,0,1,0,0,0,1,0,0,0
2393,Microgale brevicaudata,Mandena,flooded_rice,0,0,0,1,0,0,0,1,0,0,0
2394,Microgale brevicaudata,Mandena,flooded_rice,0,0,0,0,1,0,0,1,0,0,0
2396,Rattus rattus,Mandena,flooded_rice,1,0,0,1,0,0,1,0,0,0,0
2397,Rattus rattus,Mandena,flooded_rice,1,0,0,1,0,0,0,0,0,0,0
2400,Rattus rattus,Mandena,flooded_rice,0,0,0,0,0,0,1,0,0,0,0
2401,Microgale brevicaudata,Mandena,flooded_rice,0,0,0,0,1,0,0,1,0,0,0
2402,Microgale brevicaudata,Mandena,flooded_rice,0,0,0,0,1,0,0,1,0,0,0
2406,Microgale brevicaudata,Mandena,flooded_rice,0,0,0,0,1,0,0,1,0,0,0
2407,Microgale brevicaudata,Mandena,flooded_rice,0,0,0,1,1,0,0,1,0,0,0
2411,Microgale brevicaudata,Mandena,flooded_rice,0,0,0,0,0,0,0,1,0,0,0
2417,Rattus rattus,Mandena,flooded_rice,0,0,0,1,0,0,1,0,0,0,0
2420,Rattus rattus,Mandena,flooded_rice,0,0,0,1,0,1,0,0,0,0,0
2421,Microgale brevicaudata,Mandena,flooded_rice,0,0,0,0,0,0,0,1,0,0,0
2422,Microgale brevicaudata,Mandena,flooded_rice,0,0,0,0,1,0,0,1,0,0,0
2424,Microgale brevicaudata,Mandena,flooded_rice,0,0,0,0,0,0,0,1,0,0,0
2428,Rattus rattus,Mandena,flooded_rice,0,0,0,1,0,0,1,0,0,0,0
2429,Rattus rattus,Mandena,flooded_rice,0,0,0,0,0,1,1,0,0,0,0
2430,Microgale brevicaudata,Mandena,flooded_rice,0,0,0,0,0,0,0,1,0,0,0
2432,Microgale brevicaudata,Mandena,flooded_rice,0,0,0,0,1,0,0,1,0,0,0
2435,Rattus rattus,Mandena,flooded_rice,0,0,0,1,0,0,1,0,0,0,0
2436,Rattus rattus,Mandena,flooded_rice,0,0,0,1,0,0,1,0,0,0,0
2438,Rattus rattus,Mandena,flooded_rice,0,0,0,1,0,1,1,0,0,0,0
2441,Microgale brevicaudata,Mandena,agroforest,0,0,0,0,0,0,0,1,0,0,0
2444,Microgale brevicaudata,Mandena,agroforest,0,0,0,0,1,0,0,1,0,0,0
2445,Microgale brevicaudata,Mandena,agroforest,0,0,0,0,1,0,0,1,0,0,0
2451,Rattus rattus,Mandena,village,0,0,0,0,0,0,1,0,0,0,0
2452,Rattus rattus,Mandena,village,1,0,0,1,0,0,1,0,0,0,0
2454,Rattus rattus,Mandena,village,1,0,0,1,0,0,0,0,0,0,0
2460,Rattus rattus,Mandena,village,0,0,0,0,0,0,1,1,0,0,0
2461,Rattus rattus,Mandena,agroforest,0,0,0,1,0,1,0,0,0,0,0
2462,Rattus rattus,Mandena,agroforest,1,0,0,1,0,0,0,0,0,0,0
2464,Rattus rattus,Mandena,agroforest,0,0,0,1,0,0,1,0,0,0,0
2468,Rattus rattus,Mandena,village,0,0,0,0,0,0,0,0,0,1,0
2469,Rattus rattus,Mandena,village,0,0,0,0,0,0,0,0,0,1,0
2470,Rattus rattus,Mandena,village,0,1,0,0,0,0,0,0,0,0,0
2472,Rattus rattus,Mandena,village,1,0,0,1,0,0,1,0,0,0,0
2475,Rattus rattus,Mandena,agroforest,0,0,0,1,0,0,1,1,0,0,0
2478,Rattus rattus,Mandena,village,0,1,0,0,0,0,0,0,0,1,0
2479,Rattus rattus,Mandena,village,1,0,0,0,0,1,1,0,0,0,0
2481,Rattus rattus,Mandena,village,0,0,0,1,0,1,1,1,0,0,0
2486,Rattus rattus,Mandena,village,1,0,0,0,0,0,0,0,0,0,0
2487,Rattus rattus,Mandena,village,0,0,0,0,0,0,1,0,0,0,0
2491,Rattus rattus,Mandena,village,0,0,0,1,0,1,0,0,0,0,0
2496,Rattus rattus,Mandena,agroforest,1,0,0,1,0,0,0,0,0,0,0
2499,Rattus rattus,Mandena,brushy_regrowth,1,0,0,1,0,0,0,1,0,0,0
2500,Rattus rattus,Mandena,brushy_regrowth,0,0,0,1,0,1,0,0,0,0,0
2501,Rattus rattus,Mandena,brushy_regrowth,0,0,0,1,0,0,1,0,0,0,0
2502,Rattus rattus,Mandena,brushy_regrowth,0,0,0,1,0,0,0,1,0,0,1
2503,Rattus rattus,Mandena,brushy_regrowth,0,0,0,0,0,0,1,0,0,0,0
2504,Rattus rattus,Mandena,brushy_regrowth,0,0,0,1,0,0,1,0,0,0,1
2506,Rattus rattus,Mandena,brushy_regrowth,0,0,0,1,0,1,0,1,0,0,0
2508,Rattus rattus,Mandena,brushy_regrowth,0,0,0,1,0,0,1,0,0,0,0
2509,Rattus rattus,Mandena,brushy_regrowth,0,0,0,1,0,0,1,1,0,0,0
2510,Rattus rattus,Mandena,brushy_regrowth,0,0,0,1,0,0,1,0,0,0,0
2511,Rattus rattus,Mandena,brushy_regrowth,0,0,0,1,0,0,1,0,0,0,0
2513,Rattus rattus,Mandena,brushy_regrowth,0,0,0,1,0,0,1,1,0,0,0
2514,Rattus rattus,Mandena,brushy_regrowth,0,0,0,1,0,0,1,0,0,0,0
2515,Rattus rattus,Mandena,brushy_regrowth,0,0,0,1,0,1,0,0,0,0,0
2516,Rattus rattus,Mandena,brushy_regrowth,0,0,0,1,0,0,1,0,0,0,0
2517,Rattus rattus,Mandena,brushy_regrowth,0,0,0,1,0,1,0,0,0,0,0
2523,Rattus rattus,Mandena,brushy_regrowth,0,0,0,1,0,0,0,0,0,0,1
2524,Microgale brevicaudata,Mandena,brushy_regrowth,0,0,1,1,1,0,0,1,0,0,0
2525,Microgale brevicaudata,Mandena,brushy_regrowth,0,0,0,0,0,0,0,1,0,0,0
2526,Rattus rattus,Mandena,brushy_regrowth,0,0,0,1,0,1,0,0,0,0,0
2527,Rattus rattus,Mandena,brushy_regrowth,0,0,0,1,0,1,0,0,0,0,1
2528,Microgale brevicaudata,Mandena,brushy_regrowth,0,0,1,0,1,0,0,1,0,0,0
2530,Microgale brevicaudata,Mandena,brushy_regrowth,0,0,1,1,0,0,0,1,0,0,0
2535,Rattus rattus,Mandena,brushy_regrowth,0,0,0,0,0,0,1,0,0,0,0
2536,Rattus rattus,Mandena,brushy_regrowth,0,0,0,1,0,0,1,0,0,0,0
2537,Rattus rattus,Mandena,brushy_regrowth,0,0,0,1,0,1,0,0,1,0,0
2539,Rattus rattus,Mandena,brushy_regrowth,0,0,0,1,0,0,0,0,1,0,1
2540,Rattus rattus,Mandena,brushy_regrowth,0,0,0,1,0,0,1,0,0,0,0
2548,Rattus rattus,Mandena,agriculture,0,0,0,1,0,1,1,0,0,0,0
2549,Rattus rattus,Mandena,agriculture,0,0,0,1,0,1,1,0,0,0,0
2550,Rattus rattus,Mandena,agriculture,0,0,0,1,0,0,0,1,0,0,0
2552,Rattus rattus,Mandena,agriculture,0,0,0,1,0,0,1,0,0,0,0
2553,Rattus rattus,Mandena,agriculture,0,0,0,1,0,0,1,0,0,0,0
2554,Rattus rattus,Mandena,agriculture,1,0,0,1,0,1,1,0,0,0,0
2555,Rattus rattus,Mandena,agriculture,0,0,0,1,0,1,1,0,0,0,0
2557,Rattus rattus,Mandena,agriculture,0,0,0,1,0,1,1,1,0,0,0
2558,Rattus rattus,Mandena,agriculture,0,0,0,1,0,0,1,0,0,0,0
2564,Rattus rattus,Mandena,agriculture,0,0,0,1,0,1,1,1,0,0,0
2565,Rattus rattus,Mandena,agriculture,0,0,0,1,0,0,1,0,0,0,0
2566,Rattus rattus,Mandena,agriculture,0,0,0,1,0,0,1,1,0,0,0
2567,Rattus rattus,Mandena,agriculture,0,0,0,1,0,1,1,0,0,0,0
2568,Rattus rattus,Mandena,agriculture,0,0,0,1,0,1,1,0,0,0,0
2570,Rattus rattus,Mandena,agriculture,0,0,0,1,0,0,1,0,0,0,0
2571,Rattus rattus,Mandena,agriculture,0,0,0,1,0,1,1,1,0,0,0
2572,Rattus rattus,Mandena,agriculture,0,0,0,1,0,0,1,0,0,0,0
2573,Rattus rattus,Mandena,agriculture,1,0,0,1,0,0,0,0,0,0,0
2574,Rattus rattus,Mandena,agriculture,0,0,0,1,0,0,1,0,0,0,0
2581,Rattus rattus,Mandena,agriculture,0,0,0,1,1,1,1,0,0,0,0
2582,Rattus rattus,Mandena,agriculture,0,0,0,1,0,0,1,0,0,0,0
2583,Rattus rattus,Mandena,agriculture,1,0,0,1,0,0,1,0,0,0,0
2584,Rattus rattus,Mandena,agriculture,0,0,0,1,0,0,1,0,0,0,0
2586,Rattus rattus,Mandena,agriculture,0,0,0,1,0,0,1,0,0,0,0
2587,Rattus rattus,Mandena,agriculture,0,0,0,1,0,1,1,0,0,0,0
2589,Rattus rattus,Mandena,agriculture,0,0,0,1,0,0,1,1,0,0,0
2592,Microgale brevicaudata,Mandena,flooded_rice,0,0,0,0,1,0,0,1,0,0,0
2595,Rattus rattus,Mandena,flooded_rice,0,0,0,1,0,0,1,0,0,0,0
2597,Rattus rattus,Mandena,flooded_rice,0,0,0,1,0,0,1,0,0,0,0
2600,Rattus rattus,Mandena,flooded_rice,1,0,0,1,0,1,1,0,0,0,0
2601,Rattus rattus,Mandena,flooded_rice,0,0,0,1,0,0,1,1,0,0,0
2603,Rattus rattus,Mandena,flooded_rice,0,0,0,1,0,1,0,0,0,0,0
2604,Rattus rattus,Mandena,flooded_rice,1,0,0,1,0,0,1,0,0,0,0
2605,Rattus rattus,Mandena,flooded_rice,1,0,0,1,0,0,1,0,0,0,0
2606,Rattus rattus,Mandena,flooded_rice,1,0,0,1,0,1,1,1,0,0,0
2609,Rattus rattus,Mandena,flooded_rice,1,0,0,1,0,1,1,0,0,0,0
2610,Rattus rattus,Mandena,flooded_rice,0,0,0,1,0,1,1,1,0,0,0
2611,Rattus rattus,Mandena,flooded_rice,1,0,0,1,0,0,1,1,0,0,0
2612,Rattus rattus,Mandena,flooded_rice,0,0,0,1,0,0,1,0,0,0,0
2613,Rattus rattus,Mandena,flooded_rice,0,0,0,1,0,1,1,0,0,0,0
2614,Rattus rattus,Mandena,flooded_rice,0,0,0,1,0,0,1,0,0,0,0
2615,Rattus rattus,Mandena,flooded_rice,0,0,0,1,0,0,1,1,0,0,0
2616,Rattus rattus,Mandena,flooded_rice,1,0,0,1,0,1,1,1,0,0,0
2617,Rattus rattus,Mandena,flooded_rice,0,0,0,1,0,0,1,0,0,0,0
2618,Rattus rattus,Mandena,flooded_rice,1,0,0,1,0,0,1,0,0,0,0
2620,Rattus rattus,Mandena,flooded_rice,1,1,0,1,0,0,1,0,0,0,0
2621,Rattus rattus,Mandena,flooded_rice,0,0,0,1,0,0,1,0,0,0,0
2622,Rattus rattus,Mandena,flooded_rice,1,0,0,1,0,0,0,1,0,0,0
2623,Rattus rattus,Mandena,flooded_rice,1,0,0,1,0,0,0,1,0,0,0
2624,Rattus rattus,Mandena,flooded_rice,1,0,0,1,0,0,0,0,0,0,0
2625,Microgale brevicaudata,Mandena,flooded_rice,0,0,0,0,1,0,0,1,0,0,0
2626,Microgale brevicaudata,Mandena,flooded_rice,0,0,0,1,1,0,0,1,0,0,0
2630,Rattus rattus,Mandena,flooded_rice,0,0,0,1,0,0,0,1,0,0,0
2631,Rattus rattus,Mandena,flooded_rice,0,0,0,1,0,0,1,0,0,0,0
2632,Rattus rattus,Mandena,flooded_rice,0,0,0,1,0,0,1,1,0,0,0
2633,Rattus rattus,Mandena,flooded_rice,0,0,0,1,0,0,1,1,0,0,0
2634,Rattus rattus,Mandena,flooded_rice,1,0,0,1,0,1,0,0,0,0,0
2637,Microgale brevicaudata,Mandena,flooded_rice,0,0,0,0,1,0,0,1,0,0,0
2643,Rattus rattus,Mandena,flooded_rice,0,0,0,1,0,0,1,0,0,0,0
2644,Rattus rattus,Mandena,flooded_rice,0,0,0,1,0,0,0,1,0,0,0
2645,Rattus rattus,Mandena,flooded_rice,0,0,0,1,0,0,1,0,0,0,0
2646,Rattus rattus,Mandena,flooded_rice,0,0,0,1,0,0,1,0,0,0,0
2649,Microgale brevicaudata,Mandena,secondary_forest,0,0,1,0,1,0,0,1,0,0,0
2651,Rattus rattus,Mandena,secondary_forest,0,0,0,1,0,0,1,0,0,0,0
2652,Rattus rattus,Mandena,secondary_forest,0,0,0,0,0,0,1,1,0,0,0
2654,Microgale brevicaudata,Mandena,secondary_forest,0,0,1,1,1,0,0,1,0,0,0
2655,Microgale brevicaudata,Mandena,secondary_forest,0,0,1,1,1,0,0,1,1,0,0
2656,Microgale brevicaudata,Mandena,secondary_forest,0,0,1,1,1,0,0,1,0,0,0
2660,Rattus rattus,Mandena,secondary_forest,0,0,0,0,0,1,0,0,0,0,0
2661,Rattus rattus,Mandena,secondary_forest,0,0,0,1,0,1,0,1,0,0,0
2663,Microgale brevicaudata,Mandena,secondary_forest,0,0,1,1,1,0,0,1,0,0,0
2664,Microgale brevicaudata,Mandena,secondary_forest,0,0,0,1,1,0,0,1,0,0,0
2672,Rattus rattus,Mandena,secondary_forest,0,0,0,1,0,0,0,1,0,0,0
2674,Rattus rattus,Mandena,secondary_forest,0,0,0,0,0,1,0,0,0,0,0
2675,Rattus rattus,Mandena,secondary_forest,0,0,0,1,0,1,0,0,0,0,0
2677,Microgale brevicaudata,Mandena,semi-intact_forest,0,0,1,0,1,0,0,1,0,0,0
2678,Microgale brevicaudata,Mandena,semi-intact_forest,0,0,1,0,1,0,0,1,0,0,0
2682,Microgale brevicaudata,Mandena,semi-intact_forest,0,0,1,0,1,0,0,1,0,0,0
2688,Microgale brevicaudata,Mandena,semi-intact_forest,0,0,1,0,0,0,0,1,0,0,0
2689,Microgale brevicaudata,Mandena,semi-intact_forest,0,0,1,0,1,0,0,1,0,0,0
2693,Microgale brevicaudata,Mandena,semi-intact_forest,0,0,0,1,1,0,0,1,0,0,0
2696,Rattus rattus,Mandena,agroforest,0,0,0,0,0,1,1,0,0,0,0
2703,Rattus rattus,Mandena,agroforest,0,0,0,1,0,1,1,1,0,0,0
2704,Rattus rattus,Mandena,agroforest,0,0,0,1,0,0,1,0,0,0,0
2705,Rattus rattus,Mandena,agroforest,1,0,0,1,0,0,1,0,0,0,0
2706,Rattus rattus,Mandena,agroforest,0,0,0,1,0,0,1,0,0,0,0
2707,Rattus rattus,Mandena,agroforest,0,0,0,0,0,1,0,0,0,0,0
2708,Rattus rattus,Mandena,agroforest,1,0,0,1,0,0,1,0,0,0,0
2709,Rattus rattus,Mandena,agroforest,1,0,0,1,0,1,1,0,0,0,0
2710,Rattus rattus,Mandena,agroforest,0,0,0,1,0,0,1,1,0,0,1
2711,Rattus rattus,Mandena,agroforest,0,0,0,1,0,0,1,0,0,0,0
2712,Rattus rattus,Mandena,agroforest,0,0,0,1,0,0,1,0,0,0,0
2717,Rattus rattus,Mandena,agroforest,0,0,0,0,0,0,0,0,0,1,0
2718,Rattus rattus,Mandena,agroforest,1,0,0,0,0,0,0,0,0,1,1
2719,Rattus rattus,Mandena,agroforest,1,0,0,1,0,0,1,0,0,0,0
2720,Rattus rattus,Mandena,agroforest,1,0,0,1,0,0,1,0,0,0,0
2722,Rattus rattus,Mandena,agroforest,0,0,0,0,0,0,1,0,0,0,0
2723,Rattus rattus,Mandena,agroforest,0,0,0,1,0,1,1,1,0,0,0
2725,Rattus rattus,Mandena,agroforest,0,0,0,0,0,1,1,0,0,0,0
2726,Rattus rattus,Mandena,agroforest,0,0,0,0,0,1,1,0,0,0,0
2736,Rattus rattus,Mandena,village,0,0,0,1,0,0,1,0,1,0,0
2737,Rattus rattus,Mandena,village,0,1,0,1,0,0,0,1,0,0,0
2738,Rattus rattus,Mandena,village,0,0,0,1,0,0,1,0,0,0,0
2739,Rattus rattus,Mandena,village,1,0,0,1,0,0,1,1,0,0,0
2740,Rattus rattus,Mandena,village,0,0,0,1,0,1,0,0,0,0,0
2741,Rattus rattus,Mandena,village,0,0,0,0,0,0,1,0,0,0,0
2742,Rattus rattus,Mandena,agroforest,1,0,0,1,0,1,1,0,1,0,0
2743,Rattus rattus,Mandena,agroforest,0,0,0,1,0,0,1,0,0,0,0
2744,Rattus rattus,Mandena,agroforest,1,0,0,1,0,0,1,0,0,0,0
2745,Rattus rattus,Mandena,agroforest,0,0,0,1,0,0,1,0,0,0,0
2747,Rattus rattus,Mandena,agroforest,0,0,0,1,0,0,1,0,0,0,0
2748,Rattus rattus,Mandena,agroforest,1,0,0,1,0,1,1,0,0,0,0
2749,Rattus rattus,Mandena,agroforest,0,0,0,1,0,1,1,0,0,0,0
2751,Rattus rattus,Mandena,village,1,0,1,1,1,0,1,0,1,1,0
2754,Rattus rattus,Mandena,agroforest,0,0,0,1,0,0,1,0,0,0,0
2755,Rattus rattus,Mandena,agroforest,0,0,0,1,0,1,0,1,0,0,0
2756,Rattus rattus,Mandena,agroforest,1,0,0,1,0,0,1,0,0,0,0
2757,Rattus rattus,Mandena,agroforest,0,0,0,1,0,0,1,1,0,0,0
2758,Rattus rattus,Mandena,agroforest,0,0,0,1,0,0,1,1,0,0,0
2759,Rattus rattus,Mandena,agroforest,0,0,0,1,0,1,1,0,0,0,0
2761,Microgale brevicaudata,Mandena,agroforest,0,0,0,0,1,0,0,1,0,0,0
2762,Rattus rattus,Mandena,village,0,0,0,0,0,0,0,1,0,1,0
2764,Rattus rattus,Mandena,village,0,0,0,1,0,1,1,0,0,0,0
2765,Rattus rattus,Mandena,agroforest,0,0,0,0,0,1,1,0,0,0,0
2766,Rattus rattus,Mandena,agroforest,0,0,0,1,0,0,1,0,0,0,0
2767,Microgale brevicaudata,Mandena,agroforest,0,0,0,0,1,0,0,1,0,0,0
2769,Rattus rattus,Mandena,agroforest,0,0,0,1,0,0,1,0,0,0,0
2770,Rattus rattus,Mandena,agroforest,0,0,0,1,0,1,1,0,0,0,0
2017,Rattus rattus,Mandena,brushy_regrowth,0,0,0,1,0,0,0,0,0,0,0
2020,Rattus rattus,Mandena,brushy_regrowth,0,0,0,1,0,0,0,0,0,0,0
2043,Microgale brevicaudata,Mandena,agriculture,0,0,0,0,0,0,0,0,0,0,0
2055,Rattus rattus,Mandena,agriculture,0,0,0,1,0,0,0,0,0,0,0
2063,Rattus rattus,Mandena,agriculture,0,0,0,1,0,0,0,0,0,0,0
2067,Rattus rattus,Mandena,agriculture,0,0,0,1,0,0,0,0,0,0,0
2093,Rattus rattus,Mandena,agriculture,0,0,0,1,0,0,0,0,0,0,0
2096,Rattus rattus,Mandena,agriculture,0,0,0,0,0,0,0,0,0,0,0
2103,Rattus rattus,Mandena,village,0,0,0,1,0,0,0,0,0,0,0
2108,Microgale brevicaudata,Mandena,secondary_forest,0,0,1,0,1,0,0,0,0,0,0
2112,Rattus rattus,Mandena,secondary_forest,0,0,0,0,0,0,0,0,0,0,0
2117,Microgale brevicaudata,Mandena,secondary_forest,0,0,0,0,0,0,0,0,0,0,0
2127,Rattus rattus,Mandena,secondary_forest,0,0,0,1,0,0,0,0,0,0,0
2128,Rattus rattus,Mandena,secondary_forest,0,0,0,1,0,0,0,0,0,0,0
2129,Rattus rattus,Mandena,secondary_forest,0,0,0,1,0,0,0,0,0,0,0
2130,Rattus rattus,Mandena,secondary_forest,0,0,0,1,0,0,0,0,0,0,0
2138,Rattus rattus,Mandena,semi-intact_forest,0,0,0,0,0,0,0,0,0,0,0
2140,Rattus rattus,Mandena,semi-intact_forest,0,0,0,0,0,0,0,0,0,0,0
2154,Rattus rattus,Mandena,flooded_rice,0,0,0,0,0,0,0,0,0,0,0
2157,Microgale brevicaudata,Mandena,flooded_rice,0,0,0,0,0,0,0,0,0,0,0
2163,Microgale brevicaudata,Mandena,flooded_rice,0,0,0,0,0,0,0,0,0,0,0
2170,Microgale brevicaudata,Mandena,flooded_rice,0,0,0,1,1,0,0,0,0,0,0
2175,Rattus rattus,Mandena,flooded_rice,0,0,0,0,0,0,0,0,0,0,0
2176,Rattus rattus,Mandena,flooded_rice,0,0,0,0,0,0,0,0,0,0,0
2186,Rattus rattus,Mandena,flooded_rice,0,0,0,0,0,0,0,0,0,0,0
2197,Microgale brevicaudata,Mandena,agroforest,0,0,0,1,1,0,0,0,1,0,0
2206,Rattus rattus,Mandena,village,0,0,0,0,0,0,0,0,0,0,0
2220,Rattus rattus,Mandena,village,0,0,0,0,0,0,0,0,0,0,0
2222,Rattus rattus,Mandena,village,0,0,0,1,1,0,0,0,1,0,0
2223,Rattus rattus,Mandena,village,0,0,0,0,0,0,0,0,0,0,0
2264,Microgale brevicaudata,Mandena,brushy_regrowth,0,0,0,0,0,0,0,0,0,0,0
2270,Rattus rattus,Mandena,brushy_regrowth,0,0,0,1,0,0,0,0,0,0,0
2276,Microgale brevicaudata,Mandena,brushy_regrowth,0,0,0,0,1,0,0,0,0,0,0
2293,Microgale brevicaudata,Mandena,agriculture,0,0,0,0,1,0,0,0,0,0,0
2302,Rattus rattus,Mandena,agriculture,0,0,0,1,0,0,0,0,0,0,0
2333,Microgale brevicaudata,Mandena,agriculture,0,0,0,0,1,0,0,0,0,0,0
2353,Rattus rattus,Mandena,secondary_forest,0,0,0,0,0,0,0,0,0,0,0
2354,Rattus rattus,Mandena,secondary_forest,0,0,0,1,0,0,0,0,0,0,0
2357,Rattus rattus,Mandena,secondary_forest,0,0,0,0,0,0,0,0,0,0,0
2367,Rattus rattus,Mandena,secondary_forest,0,0,0,0,0,0,0,0,0,0,0
2373,Microgale brevicaudata,Mandena,semi-intact_forest,0,0,1,0,1,0,0,0,0,0,0
2374,Microgale brevicaudata,Mandena,semi-intact_forest,0,0,1,0,1,0,0,0,0,0,0
2377,Rattus rattus,Mandena,semi-intact_forest,0,0,0,1,0,0,0,0,0,0,0
2378,Microgale brevicaudata,Mandena,semi-intact_forest,0,0,1,0,0,0,0,0,0,0,0
2381,Rattus rattus,Mandena,semi-intact_forest,0,0,0,0,0,0,0,0,0,0,0
2398,Rattus rattus,Mandena,flooded_rice,0,0,0,1,0,0,0,0,0,0,0
2399,Rattus rattus,Mandena,flooded_rice,0,0,0,0,0,0,0,0,0,0,0
2405,Microgale brevicaudata,Mandena,flooded_rice,0,0,0,0,0,0,0,0,0,0,0
2410,Rattus rattus,Mandena,flooded_rice,0,0,0,1,0,0,0,0,0,0,0
2412,Microgale brevicaudata,Mandena,flooded_rice,0,0,0,0,0,0,0,0,0,0,0
2416,Rattus rattus,Mandena,flooded_rice,0,0,0,1,0,0,0,0,0,0,0
2418,Rattus rattus,Mandena,flooded_rice,0,0,0,0,0,0,0,0,0,0,0
2419,Rattus rattus,Mandena,flooded_rice,0,0,0,1,0,0,0,0,0,0,0
2427,Rattus rattus,Mandena,flooded_rice,0,0,0,1,0,0,0,0,0,0,0
2434,Rattus rattus,Mandena,flooded_rice,0,0,0,1,0,0,0,0,0,0,0
2437,Rattus rattus,Mandena,flooded_rice,0,0,0,1,0,0,0,0,0,0,0
2453,Rattus rattus,Mandena,village,0,0,0,0,0,0,0,0,0,0,0
2456,Rattus rattus,Mandena,village,0,0,0,1,0,0,0,0,0,0,0
2457,Rattus rattus,Mandena,village,0,0,0,0,0,0,0,0,0,0,0
2458,Rattus rattus,Mandena,village,0,0,0,0,0,0,0,0,0,0,0
2459,Rattus rattus,Mandena,village,0,0,0,0,0,0,0,0,0,0,0
2471,Rattus rattus,Mandena,village,0,0,0,0,0,0,0,0,0,0,0
2474,Rattus rattus,Mandena,agroforest,0,0,0,0,0,0,0,0,0,0,0
2490,Rattus rattus,Mandena,village,0,0,0,1,0,0,0,0,0,0,0
2495,Rattus rattus,Mandena,agroforest,0,0,0,0,0,0,0,0,0,0,0
2497,Microgale brevicaudata,Mandena,brushy_regrowth,0,0,1,0,1,0,0,0,0,0,0
2498,Microgale brevicaudata,Mandena,brushy_regrowth,0,0,1,0,1,0,0,0,0,0,0
2505,Rattus rattus,Mandena,brushy_regrowth,0,0,0,1,0,0,0,0,0,0,0
2507,Rattus rattus,Mandena,brushy_regrowth,0,0,0,1,0,0,0,0,0,0,0
2512,Rattus rattus,Mandena,brushy_regrowth,0,0,0,1,0,0,0,0,0,0,0
2518,Rattus rattus,Mandena,brushy_regrowth,0,0,0,1,0,0,0,0,0,0,0
2522,Rattus rattus,Mandena,brushy_regrowth,0,0,0,1,0,0,0,0,0,0,0
2529,Microgale brevicaudata,Mandena,brushy_regrowth,0,0,1,1,1,0,0,0,0,0,0
2541,Rattus rattus,Mandena,brushy_regrowth,0,0,0,1,0,0,0,0,0,0,0
2544,Microgale brevicaudata,Mandena,agriculture,0,0,0,0,0,0,0,0,0,0,0
2556,Rattus rattus,Mandena,agriculture,0,0,0,1,0,0,0,0,0,0,0
2569,Rattus rattus,Mandena,agriculture,0,0,0,0,0,0,0,0,0,0,0
2577,Rattus rattus,Mandena,agriculture,0,0,0,1,0,0,0,0,0,0,0
2578,Microgale brevicaudata,Mandena,agriculture,0,0,0,0,1,0,0,0,0,0,0
2579,Microgale brevicaudata,Mandena,agriculture,0,0,0,0,1,0,0,0,0,0,0
2588,Rattus rattus,Mandena,agriculture,0,0,0,1,0,0,0,0,0,0,0
2590,Microgale brevicaudata,Mandena,agriculture,0,0,0,0,1,0,0,0,0,0,0
2596,Rattus rattus,Mandena,flooded_rice,0,0,0,1,0,0,0,0,0,0,0
2602,Rattus rattus,Mandena,flooded_rice,0,0,0,1,0,0,0,0,1,0,0
2635,Microgale brevicaudata,Mandena,flooded_rice,0,0,0,1,1,0,0,0,0,0,0
2642,Rattus rattus,Mandena,flooded_rice,0,0,0,1,0,0,0,0,0,0,0
2650,Rattus rattus,Mandena,secondary_forest,0,0,0,0,0,0,0,0,0,0,0
2659,Rattus rattus,Mandena,secondary_forest,0,0,0,0,0,0,0,0,0,0,0
2662,Rattus rattus,Mandena,secondary_forest,0,0,0,1,0,0,0,0,0,0,0
2666,Rattus rattus,Mandena,secondary_forest,0,0,0,1,0,0,0,0,0,0,0
2667,Rattus rattus,Mandena,secondary_forest,0,0,0,1,0,0,0,0,0,0,0
2668,Rattus rattus,Mandena,secondary_forest,0,0,0,1,0,0,0,0,0,0,0
2670,Rattus rattus,Mandena,secondary_forest,0,0,0,1,0,0,0,0,0,0,0
2671,Rattus rattus,Mandena,secondary_forest,0,0,0,1,0,0,0,0,0,0,0
2673,Rattus rattus,Mandena,secondary_forest,0,0,0,1,0,0,0,0,0,0,0
2676,Rattus rattus,Mandena,secondary_forest,0,0,0,1,0,0,0,0,0,0,0
2681,Microgale brevicaudata,Mandena,semi-intact_forest,0,0,1,0,1,0,0,0,0,0,0
2683,Rattus rattus,Mandena,semi-intact_forest,0,0,0,1,0,0,0,0,0,0,0
2684,Rattus rattus,Mandena,semi-intact_forest,0,0,0,1,0,0,0,0,0,0,0
2685,Rattus rattus,Mandena,semi-intact_forest,0,0,0,1,0,0,0,0,0,0,0
2691,Rattus rattus,Mandena,semi-intact_forest,0,0,0,0,0,0,0,0,0,0,0
2694,Rattus rattus,Mandena,agroforest,0,0,0,1,0,0,0,0,0,0,0
2695,Rattus rattus,Mandena,agroforest,0,0,0,0,0,0,0,0,0,0,0
2724,Rattus rattus,Mandena,agroforest,0,0,0,1,0,0,0,0,0,0,0
2727,Microgale brevicaudata,Mandena,agroforest,0,0,0,0,0,0,0,0,0,0,0
2729,Microgale brevicaudata,Mandena,agroforest,0,0,0,0,1,0,0,0,0,0,0
2733,Rattus rattus,Mandena,agroforest,0,0,0,0,0,0,0,0,0,0,0
2746,Rattus rattus,Mandena,agroforest,0,0,0,1,0,0,0,0,0,0,0
